city,country,us_aqi,pm2_5,pm10,nitrogen_dioxide,ozone,sulphur_dioxide,carbon_monoxide,latitude,longitude,timezone,timestamp,aqi_category,is_elevated_aqi,is_unhealthy_aqi,date
Bengaluru,India,68.0,19.2,22.8,23.3,60.0,8.6,486.0,13.0,77.600006,Asia/Kolkata,2026-09-16 00:00:00,Moderate,False,False,2026-09-16
Bengaluru,India,67.0,12.9,16.0,17.2,63.0,8.3,398.0,13.0,77.600006,Asia/Kolkata,2026-09-16 01:00:00,Moderate,False,False,2026-09-16
Bengaluru,India,66.0,11.8,15.5,12.7,64.0,8.2,335.0,13.0,77.600006,Asia/Kolkata,2026-09-16 02:00:00,Moderate,False,False,2026-09-16
Bengaluru,India,65.0,12.1,16.6,11.7,60.0,8.6,292.0,13.0,77.600006,Asia/Kolkata,2026-09-16 03:00:00,Moderate,False,False,2026-09-16
Bengaluru,India,64.0,12.4,17.3,12.5,55.0,9.2,273.0,13.0,77.600006,Asia/Kolkata,2026-09-16 04:00:00,Moderate,False,False,2026-09-16
Bengaluru,India,63.0,8.8,13.5,8.4,57.0,6.0,294.0,13.0,77.600006,Asia/Kolkata,2026-09-16 05:00:00,Moderate,False,False,2026-09-16
Bengaluru,India,64.0,10.1,14.2,10.1,55.0,6.5,396.0,13.0,77.600006,Asia/Kolkata,2026-09-16 06:00:00,Moderate,False,False,2026-09-16
Bengaluru,India,63.0,12.1,17.9,12.2,53.0,7.2,538.0,13.0,77.600006,Asia/Kolkata,2026-09-16 07:00:00,Moderate,False,False,2026-09-16
Bengaluru,India,63.0,14.1,20.9,12.9,58.0,7.4,609.0,13.0,77.600006,Asia/Kolkata,2026-09-16 08:00:00,Moderate,False,False,2026-09-16
Bengaluru,India,63.0,14.9,22.9,10.5,75.0,6.7,536.0,13.0,77.600006,Asia/Kolkata,2026-09-16 09:00:00,Moderate,False,False,2026-09-16
Bengaluru,India,63.0,15.4,23.7,6.6,99.0,5.6,393.0,13.0,77.600006,Asia/Kolkata,2026-09-16 10:00:00,Moderate,False,False,2026-09-16
Bengaluru,India,63.0,14.9,22.7,3.9,117.0,4.7,290.0,13.0,77.600006,Asia/Kolkata,2026-09-16 11:00:00,Moderate,False,False,2026-09-16
Bengaluru,India,63.0,14.2,21.2,3.2,125.0,4.3,275.0,13.0,77.600006,Asia/Kolkata,2026-09-16 12:00:00,Moderate,False,False,2026-09-16
Bengaluru,India,63.0,13.2,19.2,3.6,127.0,4.1,300.0,13.0,77.600006,Asia/Kolkata,2026-09-16 13:00:00,Moderate,False,False,2026-09-16
Bengaluru,India,63.0,13.0,18.7,5.1,126.0,4.1,335.0,13.0,77.600006,Asia/Kolkata,2026-09-16 14:00:00,Moderate,False,False,2026-09-16
Bengaluru,India,63.0,12.9,18.7,6.0,123.0,3.8,343.0,13.0,77.600006,Asia/Kolkata,2026-09-16 15:00:00,Moderate,False,False,2026-09-16
Bengaluru,India,63.0,13.5,19.4,7.9,117.0,3.7,360.0,13.0,77.600006,Asia/Kolkata,2026-09-16 16:00:00,Moderate,False,False,2026-09-16
Bengaluru,India,62.0,11.0,11.8,28.7,88.0,6.1,462.0,13.0,77.600006,Asia/Kolkata,2026-09-16 17:00:00,Moderate,False,False,2026-09-16
Bengaluru,India,63.0,29.7,30.6,45.6,64.0,11.3,769.0,13.0,77.600006,Asia/Kolkata,2026-09-16 18:00:00,Moderate,False,False,2026-09-16
Bengaluru,India,61.0,46.4,48.3,68.2,31.0,18.2,1160.0,13.0,77.600006,Asia/Kolkata,2026-09-16 19:00:00,Moderate,False,False,2026-09-16
Bengaluru,India,63.0,52.9,55.1,81.1,11.0,22.0,1347.0,13.0,77.600006,Asia/Kolkata,2026-09-16 20:00:00,Moderate,False,False,2026-09-16
Bengaluru,India,66.0,37.8,39.5,75.5,15.0,19.6,1136.0,13.0,77.600006,Asia/Kolkata,2026-09-16 21:00:00,Moderate,False,False,2026-09-16
Bengaluru,India,68.0,26.2,27.8,60.1,30.0,14.1,722.0,13.0,77.600006,Asia/Kolkata,2026-09-16 22:00:00,Moderate,False,False,2026-09-16
Bengaluru,India,68.0,20.7,22.5,45.1,44.0,9.5,399.0,13.0,77.600006,Asia/Kolkata,2026-09-16 23:00:00,Moderate,False,False,2026-09-16
Bengaluru,India,68.0,18.2,20.0,32.8,52.0,7.5,292.0,13.0,77.600006,Asia/Kolkata,2026-09-17 00:00:00,Moderate,False,False,2026-09-17
Bengaluru,India,68.0,14.4,16.1,20.9,58.0,6.4,277.0,13.0,77.600006,Asia/Kolkata,2026-09-17 01:00:00,Moderate,False,False,2026-09-17
Bengaluru,India,68.0,12.4,14.0,12.8,59.0,6.0,279.0,13.0,77.600006,Asia/Kolkata,2026-09-17 02:00:00,Moderate,False,False,2026-09-17
Bengaluru,India,68.0,12.1,13.6,11.1,53.0,6.4,275.0,13.0,77.600006,Asia/Kolkata,2026-09-17 03:00:00,Moderate,False,False,2026-09-17
Bengaluru,India,68.0,12.2,13.7,13.2,42.0,7.4,288.0,13.0,77.600006,Asia/Kolkata,2026-09-17 04:00:00,Moderate,False,False,2026-09-17
Bengaluru,India,68.0,9.6,10.7,12.0,48.0,6.9,314.0,13.0,77.600006,Asia/Kolkata,2026-09-17 05:00:00,Moderate,False,False,2026-09-17
Bengaluru,India,69.0,11.5,12.7,12.3,48.0,6.8,367.0,13.0,77.600006,Asia/Kolkata,2026-09-17 06:00:00,Moderate,False,False,2026-09-17
Bengaluru,India,69.0,9.5,10.5,12.6,49.0,6.7,433.0,13.0,77.600006,Asia/Kolkata,2026-09-17 07:00:00,Moderate,False,False,2026-09-17
Bengaluru,India,68.0,7.5,8.6,11.9,54.0,6.3,461.0,13.0,77.600006,Asia/Kolkata,2026-09-17 08:00:00,Moderate,False,False,2026-09-17
Bengaluru,India,68.0,6.7,7.9,9.4,68.0,5.5,414.0,13.0,77.600006,Asia/Kolkata,2026-09-17 09:00:00,Moderate,False,False,2026-09-17
Bengaluru,India,67.0,6.2,7.5,6.0,86.0,4.5,328.0,13.0,77.600006,Asia/Kolkata,2026-09-17 10:00:00,Moderate,False,False,2026-09-17
Bengaluru,India,67.0,5.7,6.8,3.5,101.0,3.8,264.0,13.0,77.600006,Asia/Kolkata,2026-09-17 11:00:00,Moderate,False,False,2026-09-17
Bengaluru,India,66.0,6.1,7.1,2.4,111.0,3.5,230.0,13.0,77.600006,Asia/Kolkata,2026-09-17 12:00:00,Moderate,False,False,2026-09-17
Bengaluru,India,65.0,5.6,6.5,2.1,117.0,3.4,218.0,13.0,77.600006,Asia/Kolkata,2026-09-17 13:00:00,Moderate,False,False,2026-09-17
Bengaluru,India,65.0,5.6,6.6,3.2,119.0,3.5,261.0,13.0,77.600006,Asia/Kolkata,2026-09-17 14:00:00,Moderate,False,False,2026-09-17
Bengaluru,India,64.0,5.6,6.5,6.1,115.0,3.6,394.0,13.0,77.600006,Asia/Kolkata,2026-09-17 15:00:00,Moderate,False,False,2026-09-17
Bengaluru,India,63.0,5.8,6.8,10.3,106.0,3.9,582.0,13.0,77.600006,Asia/Kolkata,2026-09-17 16:00:00,Moderate,False,False,2026-09-17
Bengaluru,India,63.0,10.1,12.9,11.1,99.0,4.1,756.0,13.0,77.600006,Asia/Kolkata,2026-09-17 17:00:00,Moderate,False,False,2026-09-17
Bengaluru,India,63.0,13.8,16.6,16.9,83.0,5.0,924.0,13.0,77.600006,Asia/Kolkata,2026-09-17 18:00:00,Moderate,False,False,2026-09-17
Bengaluru,India,62.0,13.9,16.2,24.8,61.0,6.2,1079.0,13.0,77.600006,Asia/Kolkata,2026-09-17 19:00:00,Moderate,False,False,2026-09-17
Bengaluru,India,59.0,14.3,16.5,29.8,44.0,7.0,1130.0,13.0,77.600006,Asia/Kolkata,2026-09-17 20:00:00,Moderate,False,False,2026-09-17
Bengaluru,India,56.0,13.6,15.5,29.2,38.0,7.1,1004.0,13.0,77.600006,Asia/Kolkata,2026-09-17 21:00:00,Moderate,False,False,2026-09-17
Bengaluru,India,54.0,12.2,13.8,25.6,37.0,6.8,775.0,13.0,77.600006,Asia/Kolkata,2026-09-17 22:00:00,Moderate,False,False,2026-09-17
Bengaluru,India,53.0,10.2,11.4,21.9,37.0,6.4,568.0,13.0,77.600006,Asia/Kolkata,2026-09-17 23:00:00,Moderate,False,False,2026-09-17
Bengaluru,India,52.0,8.5,9.5,18.6,36.0,6.0,421.0,13.0,77.600006,Asia/Kolkata,2026-09-18 00:00:00,Moderate,False,False,2026-09-18
Bengaluru,India,51.0,7.5,8.6,15.2,35.0,5.5,296.0,13.0,77.600006,Asia/Kolkata,2026-09-18 01:00:00,Moderate,False,False,2026-09-18
Bengaluru,India,51.0,7.0,8.3,12.6,34.0,5.2,210.0,13.0,77.600006,Asia/Kolkata,2026-09-18 02:00:00,Moderate,False,False,2026-09-18
Bengaluru,India,50.0,6.7,8.3,11.6,31.0,5.3,174.0,13.0,77.600006,Asia/Kolkata,2026-09-18 03:00:00,Good,False,False,2026-09-18
Bengaluru,India,50.0,6.6,8.6,11.5,27.0,5.5,176.0,13.0,77.600006,Asia/Kolkata,2026-09-18 04:00:00,Good,False,False,2026-09-18
Bengaluru,India,49.0,6.1,8.8,10.4,31.0,5.5,196.0,13.0,77.600006,Asia/Kolkata,2026-09-18 05:00:00,Good,False,False,2026-09-18
Bengaluru,India,48.0,7.4,10.8,10.3,31.0,5.4,241.0,13.0,77.600006,Asia/Kolkata,2026-09-18 06:00:00,Good,False,False,2026-09-18
Bengaluru,India,47.0,8.2,13.4,10.0,31.0,5.3,303.0,13.0,77.600006,Asia/Kolkata,2026-09-18 07:00:00,Good,False,False,2026-09-18
Bengaluru,India,47.0,8.5,16.2,9.3,34.0,5.1,337.0,13.0,77.600006,Asia/Kolkata,2026-09-18 08:00:00,Good,False,False,2026-09-18
Bengaluru,India,47.0,9.0,18.0,7.6,43.0,4.6,316.0,13.0,77.600006,Asia/Kolkata,2026-09-18 09:00:00,Good,False,False,2026-09-18
Bengaluru,India,47.0,9.7,19.7,5.4,56.0,4.0,267.0,13.0,77.600006,Asia/Kolkata,2026-09-18 10:00:00,Good,False,False,2026-09-18
Bengaluru,India,48.0,10.2,20.6,3.7,67.0,3.5,231.0,13.0,77.600006,Asia/Kolkata,2026-09-18 11:00:00,Good,False,False,2026-09-18
Bengaluru,India,49.0,10.4,20.5,2.9,76.0,3.2,205.0,13.0,77.600006,Asia/Kolkata,2026-09-18 12:00:00,Good,False,False,2026-09-18
Bengaluru,India,50.0,10.5,20.1,2.7,83.0,3.1,192.0,13.0,77.600006,Asia/Kolkata,2026-09-18 13:00:00,Good,False,False,2026-09-18
Bengaluru,India,50.0,10.7,19.8,3.2,86.0,3.0,241.0,13.0,77.600006,Asia/Kolkata,2026-09-18 14:00:00,Good,False,False,2026-09-18
Bengaluru,India,51.0,10.4,19.2,4.5,84.0,3.0,415.0,13.0,77.600006,Asia/Kolkata,2026-09-18 15:00:00,Moderate,False,False,2026-09-18
Bengaluru,India,51.0,10.4,18.6,6.6,79.0,3.0,651.0,13.0,77.600006,Asia/Kolkata,2026-09-18 16:00:00,Moderate,False,False,2026-09-18
Bengaluru,India,52.0,11.2,19.4,9.1,73.0,3.2,814.0,13.0,77.600006,Asia/Kolkata,2026-09-18 17:00:00,Moderate,False,False,2026-09-18
Bengaluru,India,52.0,16.8,22.0,12.4,65.0,3.7,836.0,13.0,77.600006,Asia/Kolkata,2026-09-18 18:00:00,Moderate,False,False,2026-09-18
Bengaluru,India,52.0,10.0,12.2,16.2,56.0,4.3,785.0,13.0,77.600006,Asia/Kolkata,2026-09-18 19:00:00,Moderate,False,False,2026-09-18
Bengaluru,India,52.0,8.9,10.3,19.0,49.0,4.9,730.0,13.0,77.600006,Asia/Kolkata,2026-09-18 20:00:00,Moderate,False,False,2026-09-18
Bengaluru,India,51.0,10.4,11.9,20.4,44.0,5.4,701.0,13.0,77.600006,Asia/Kolkata,2026-09-18 21:00:00,Moderate,False,False,2026-09-18
Bengaluru,India,51.0,10.6,12.0,20.9,40.0,5.7,669.0,13.0,77.600006,Asia/Kolkata,2026-09-18 22:00:00,Moderate,False,False,2026-09-18
Bengaluru,India,51.0,9.5,10.9,20.4,38.0,5.9,614.0,13.0,77.600006,Asia/Kolkata,2026-09-18 23:00:00,Moderate,False,False,2026-09-18
Bengaluru,India,51.0,8.7,9.9,18.3,37.0,5.7,515.0,13.0,77.600006,Asia/Kolkata,2026-09-19 00:00:00,Moderate,False,False,2026-09-19
Bengaluru,India,51.0,8.0,9.1,15.1,37.0,5.2,393.0,13.0,77.600006,Asia/Kolkata,2026-09-19 01:00:00,Moderate,False,False,2026-09-19
Bengaluru,India,51.0,7.2,8.3,12.4,37.0,4.9,296.0,13.0,77.600006,Asia/Kolkata,2026-09-19 02:00:00,Moderate,False,False,2026-09-19
Bengaluru,India,51.0,6.4,7.7,10.7,34.0,4.8,239.0,13.0,77.600006,Asia/Kolkata,2026-09-19 03:00:00,Moderate,False,False,2026-09-19
Bengaluru,India,51.0,5.7,7.0,9.5,31.0,4.8,206.0,13.0,77.600006,Asia/Kolkata,2026-09-19 04:00:00,Moderate,False,False,2026-09-19
Bengaluru,India,51.0,5.4,7.0,8.7,29.0,4.8,206.0,13.0,77.600006,Asia/Kolkata,2026-09-19 05:00:00,Moderate,False,False,2026-09-19
Bengaluru,India,51.0,6.1,8.0,8.5,28.0,4.7,263.0,13.0,77.600006,Asia/Kolkata,2026-09-19 06:00:00,Moderate,False,False,2026-09-19
Bengaluru,India,51.0,7.3,10.0,8.7,29.0,4.6,351.0,13.0,77.600006,Asia/Kolkata,2026-09-19 07:00:00,Moderate,False,False,2026-09-19
Bengaluru,India,50.0,7.1,11.4,8.3,34.0,4.4,401.0,13.0,77.600006,Asia/Kolkata,2026-09-19 08:00:00,Good,False,False,2026-09-19
Bengaluru,India,50.0,7.5,12.5,6.7,47.0,3.9,370.0,13.0,77.600006,Asia/Kolkata,2026-09-19 09:00:00,Good,False,False,2026-09-19
Bengaluru,India,50.0,7.5,12.4,4.5,64.0,3.4,300.0,13.0,77.600006,Asia/Kolkata,2026-09-19 10:00:00,Good,False,False,2026-09-19
Bengaluru,India,50.0,7.7,12.3,3.1,77.0,2.9,245.0,13.0,77.600006,Asia/Kolkata,2026-09-19 11:00:00,Good,False,False,2026-09-19
Bengaluru,India,50.0,7.5,12.0,2.6,81.0,2.6,209.0,13.0,77.600006,Asia/Kolkata,2026-09-19 12:00:00,Good,False,False,2026-09-19
Bengaluru,India,49.0,7.4,11.7,2.9,81.0,2.3,188.0,13.0,77.600006,Asia/Kolkata,2026-09-19 13:00:00,Good,False,False,2026-09-19
Bengaluru,India,48.0,7.1,11.1,4.7,78.0,2.4,225.0,13.0,77.600006,Asia/Kolkata,2026-09-19 14:00:00,Good,False,False,2026-09-19
Bengaluru,India,47.0,8.4,12.3,9.2,71.0,3.0,380.0,13.0,77.600006,Asia/Kolkata,2026-09-19 15:00:00,Good,False,False,2026-09-19
Bengaluru,India,47.0,8.7,12.3,15.3,61.0,3.8,592.0,13.0,77.600006,Asia/Kolkata,2026-09-19 16:00:00,Good,False,False,2026-09-19
Bengaluru,India,47.0,10.1,13.7,20.3,52.0,4.5,722.0,13.0,77.600006,Asia/Kolkata,2026-09-19 17:00:00,Good,False,False,2026-09-19
Bengaluru,India,46.0,19.9,23.1,23.1,47.0,4.8,686.0,13.0,77.600006,Asia/Kolkata,2026-09-19 18:00:00,Good,False,False,2026-09-19
Bengaluru,India,47.0,17.7,20.3,24.9,43.0,4.9,569.0,13.0,77.600006,Asia/Kolkata,2026-09-19 19:00:00,Good,False,False,2026-09-19
Bengaluru,India,49.0,10.3,12.1,26.5,39.0,5.2,484.0,13.0,77.600006,Asia/Kolkata,2026-09-19 20:00:00,Good,False,False,2026-09-19
Bengaluru,India,49.0,11.8,13.5,28.7,35.0,6.0,491.0,13.0,77.600006,Asia/Kolkata,2026-09-19 21:00:00,Good,False,False,2026-09-19
Bengaluru,India,49.0,15.5,17.1,30.8,31.0,6.9,531.0,13.0,77.600006,Asia/Kolkata,2026-09-19 22:00:00,Good,False,False,2026-09-19
Bengaluru,India,50.0,12.6,14.0,31.1,28.0,7.5,538.0,13.0,77.600006,Asia/Kolkata,2026-09-19 23:00:00,Good,False,False,2026-09-19
Bengaluru,India,50.0,10.7,11.8,28.5,27.0,7.4,472.0,13.0,77.600006,Asia/Kolkata,2026-09-20 00:00:00,Good,False,False,2026-09-20
Bengaluru,India,51.0,9.9,10.9,24.3,27.0,6.8,374.0,13.0,77.600006,Asia/Kolkata,2026-09-20 01:00:00,Moderate,False,False,2026-09-20
Bengaluru,India,51.0,9.6,10.5,20.3,28.0,6.3,298.0,13.0,77.600006,Asia/Kolkata,2026-09-20 02:00:00,Moderate,False,False,2026-09-20
Bengaluru,India,51.0,8.7,9.5,17.4,28.0,5.9,264.0,13.0,77.600006,Asia/Kolkata,2026-09-20 03:00:00,Moderate,False,False,2026-09-20
Bengaluru,India,51.0,6.3,7.2,14.7,29.0,5.6,251.0,13.0,77.600006,Asia/Kolkata,2026-09-20 04:00:00,Moderate,False,False,2026-09-20
Bengaluru,India,51.0,6.0,6.8,12.4,30.0,5.3,258.0,13.0,77.600006,Asia/Kolkata,2026-09-20 05:00:00,Moderate,False,False,2026-09-20
Bengaluru,India,51.0,6.4,7.3,10.4,33.0,5.1,299.0,13.0,77.600006,Asia/Kolkata,2026-09-20 06:00:00,Moderate,False,False,2026-09-20
Bengaluru,India,51.0,6.7,8.3,8.6,37.0,4.9,359.0,13.0,77.600006,Asia/Kolkata,2026-09-20 07:00:00,Moderate,False,False,2026-09-20
Bengaluru,India,51.0,6.1,9.3,7.0,42.0,4.6,386.0,13.0,77.600006,Asia/Kolkata,2026-09-20 08:00:00,Moderate,False,False,2026-09-20
Bengaluru,India,51.0,6.8,10.8,5.4,51.0,4.1,344.0,13.0,77.600006,Asia/Kolkata,2026-09-20 09:00:00,Moderate,False,False,2026-09-20
Bengaluru,India,51.0,6.9,11.4,3.9,61.0,3.6,269.0,13.0,77.600006,Asia/Kolkata,2026-09-20 10:00:00,Moderate,False,False,2026-09-20
Bengaluru,India,51.0,6.9,11.3,2.9,69.0,3.2,221.0,13.0,77.600006,Asia/Kolkata,2026-09-20 11:00:00,Moderate,False,False,2026-09-20
Bengaluru,India,51.0,6.8,11.2,2.0,73.0,2.9,212.0,13.0,77.600006,Asia/Kolkata,2026-09-20 12:00:00,Moderate,False,False,2026-09-20
Bengaluru,India,51.0,6.6,10.9,1.6,74.0,2.6,230.0,13.0,77.600006,Asia/Kolkata,2026-09-20 13:00:00,Moderate,False,False,2026-09-20
Bengaluru,India,51.0,6.5,10.7,3.3,72.0,2.8,291.0,13.0,77.600006,Asia/Kolkata,2026-09-20 14:00:00,Moderate,False,False,2026-09-20
Bengaluru,India,51.0,7.9,12.3,9.1,64.0,3.8,434.0,13.0,77.600006,Asia/Kolkata,2026-09-20 15:00:00,Moderate,False,False,2026-09-20
Bengaluru,India,51.0,9.3,14.1,17.0,52.0,5.2,621.0,13.0,77.600006,Asia/Kolkata,2026-09-20 16:00:00,Moderate,False,False,2026-09-20
Bengaluru,India,51.0,13.3,18.0,22.9,43.0,6.2,757.0,13.0,77.600006,Asia/Kolkata,2026-09-20 17:00:00,Moderate,False,False,2026-09-20
Bengaluru,India,51.0,17.1,19.8,25.0,39.0,6.2,802.0,13.0,77.600006,Asia/Kolkata,2026-09-20 18:00:00,Moderate,False,False,2026-09-20
Bengaluru,India,51.0,16.2,18.7,25.1,36.0,5.8,796.0,13.0,77.600006,Asia/Kolkata,2026-09-20 19:00:00,Moderate,False,False,2026-09-20
Bengaluru,India,51.0,12.0,14.0,24.1,35.0,5.3,764.0,13.0,77.600006,Asia/Kolkata,2026-09-20 20:00:00,Moderate,False,False,2026-09-20
Bengaluru,India,51.0,10.1,11.6,22.0,34.0,5.0,710.0,13.0,77.600006,Asia/Kolkata,2026-09-20 21:00:00,Moderate,False,False,2026-09-20
Bengaluru,India,51.0,9.1,10.0,18.9,33.0,4.7,631.0,13.0,77.600006,Asia/Kolkata,2026-09-20 22:00:00,Moderate,False,False,2026-09-20
Bengaluru,India,50.0,6.9,7.5,15.8,33.0,4.5,542.0,13.0,77.600006,Asia/Kolkata,2026-09-20 23:00:00,Good,False,False,2026-09-20
Bengaluru,India,49.0,5.3,5.7,12.8,34.0,4.3,436.0,13.0,77.600006,Asia/Kolkata,2026-09-21 00:00:00,Good,False,False,2026-09-21
Bengaluru,India,48.0,4.5,4.8,9.9,35.0,4.1,321.0,13.0,77.600006,Asia/Kolkata,2026-09-21 01:00:00,Good,False,False,2026-09-21
Bengaluru,India,47.0,3.8,4.1,7.8,35.0,4.0,236.0,13.0,77.600006,Asia/Kolkata,2026-09-21 02:00:00,Good,False,False,2026-09-21
Bengaluru,India,45.0,3.4,3.7,6.8,33.0,3.9,192.0,13.0,77.600006,Asia/Kolkata,2026-09-21 03:00:00,Good,False,False,2026-09-21
Bengaluru,India,44.0,3.0,3.2,6.7,31.0,3.9,179.0,13.0,77.600006,Asia/Kolkata,2026-09-21 04:00:00,Good,False,False,2026-09-21
Bengaluru,India,43.0,3.0,3.4,6.9,29.0,4.0,200.0,13.0,77.600006,Asia/Kolkata,2026-09-21 05:00:00,Good,False,False,2026-09-21
Bengaluru,India,43.0,4.4,4.8,7.8,28.0,4.4,287.0,13.0,77.600006,Asia/Kolkata,2026-09-21 06:00:00,Good,False,False,2026-09-21
Bengaluru,India,42.0,4.6,5.2,9.2,28.0,4.9,408.0,13.0,77.600006,Asia/Kolkata,2026-09-21 07:00:00,Good,False,False,2026-09-21
Bengaluru,India,42.0,5.4,6.2,9.5,32.0,5.1,475.0,13.0,77.600006,Asia/Kolkata,2026-09-21 08:00:00,Good,False,False,2026-09-21
Bengaluru,India,42.0,5.3,6.6,7.7,46.0,4.7,429.0,13.0,77.600006,Asia/Kolkata,2026-09-21 09:00:00,Good,False,False,2026-09-21
Bengaluru,India,41.0,5.3,7.0,4.9,64.0,4.1,329.0,13.0,77.600006,Asia/Kolkata,2026-09-21 10:00:00,Good,False,False,2026-09-21
Bengaluru,India,41.0,5.1,6.7,3.1,77.0,3.5,260.0,13.0,77.600006,Asia/Kolkata,2026-09-21 11:00:00,Good,False,False,2026-09-21
Bengaluru,India,40.0,4.7,6.1,2.1,80.0,3.1,240.0,13.0,77.600006,Asia/Kolkata,2026-09-21 12:00:00,Good,False,False,2026-09-21
Bengaluru,India,40.0,4.3,5.6,2.0,78.0,2.7,252.0,13.0,77.600006,Asia/Kolkata,2026-09-21 13:00:00,Good,False,False,2026-09-21
Bengaluru,India,39.0,4.6,5.8,5.2,71.0,2.8,328.0,13.0,77.600006,Asia/Kolkata,2026-09-21 14:00:00,Good,False,False,2026-09-21
Bengaluru,India,39.0,5.5,6.6,14.3,57.0,3.6,528.0,13.0,77.600006,Asia/Kolkata,2026-09-21 15:00:00,Good,False,False,2026-09-21
Bengaluru,India,38.0,6.8,7.7,26.6,38.0,4.9,792.0,13.0,77.600006,Asia/Kolkata,2026-09-21 16:00:00,Good,False,False,2026-09-21
Bengaluru,India,38.0,11.8,12.6,36.7,24.0,6.1,980.0,13.0,77.600006,Asia/Kolkata,2026-09-21 17:00:00,Good,False,False,2026-09-21
Bengaluru,India,38.0,16.9,17.8,43.0,18.0,7.0,1017.0,13.0,77.600006,Asia/Kolkata,2026-09-21 18:00:00,Good,False,False,2026-09-21
Bengaluru,India,38.0,18.0,19.1,46.9,16.0,7.7,977.0,13.0,77.600006,Asia/Kolkata,2026-09-21 19:00:00,Good,False,False,2026-09-21
Bengaluru,India,38.0,16.4,17.3,47.7,16.0,8.2,939.0,13.0,77.600006,Asia/Kolkata,2026-09-21 20:00:00,Good,False,False,2026-09-21
Bengaluru,India,39.0,13.3,14.1,43.9,18.0,8.3,951.0,13.0,77.600006,Asia/Kolkata,2026-09-21 21:00:00,Good,False,False,2026-09-21
Bengaluru,India,40.0,13.7,14.5,36.8,22.0,8.2,965.0,13.0,77.600006,Asia/Kolkata,2026-09-21 22:00:00,Good,False,False,2026-09-21
Bengaluru,India,41.0,12.3,13.1,29.8,26.0,7.8,914.0,13.0,77.600006,Asia/Kolkata,2026-09-21 23:00:00,Good,False,False,2026-09-21
Bengaluru,India,42.0,9.4,10.1,23.5,28.0,7.0,735.0,13.0,77.600006,Asia/Kolkata,2026-09-22 00:00:00,Good,False,False,2026-09-22
Bengaluru,India,43.0,7.5,8.0,17.3,30.0,5.9,492.0,13.0,77.600006,Asia/Kolkata,2026-09-22 01:00:00,Good,False,False,2026-09-22
Bengaluru,India,44.0,6.6,7.0,12.5,32.0,5.1,310.0,13.0,77.600006,Asia/Kolkata,2026-09-22 02:00:00,Good,False,False,2026-09-22
Bengaluru,India,44.0,6.0,6.3,9.9,33.0,4.7,247.0,13.0,77.600006,Asia/Kolkata,2026-09-22 03:00:00,Good,False,False,2026-09-22
Bengaluru,India,45.0,5.6,5.9,8.8,33.0,4.6,245.0,13.0,77.600006,Asia/Kolkata,2026-09-22 04:00:00,Good,False,False,2026-09-22
Bengaluru,India,45.0,5.2,5.4,8.4,34.0,4.6,234.3,13.0,77.600006,Asia/Kolkata,2026-09-22 05:00:00,Good,False,False,2026-09-22
Bengaluru,India,46.0,5.7,6.0,9.0,35.0,4.8,219.5,13.0,77.600006,Asia/Kolkata,2026-09-22 06:00:00,Good,False,False,2026-09-22
Bengaluru,India,46.0,5.2,6.1,10.4,35.0,5.1,223.8,13.0,77.600006,Asia/Kolkata,2026-09-22 07:00:00,Good,False,False,2026-09-22
Bengaluru,India,46.0,5.7,6.7,10.7,39.0,5.1,228.0,13.0,77.600006,Asia/Kolkata,2026-09-22 08:00:00,Good,False,False,2026-09-22
Bengaluru,India,47.0,5.3,6.5,8.9,48.0,4.6,215.0,13.0,77.600006,Asia/Kolkata,2026-09-22 09:00:00,Good,False,False,2026-09-22
Bengaluru,India,47.0,5.2,6.3,6.2,59.0,3.9,189.0,13.0,77.600006,Asia/Kolkata,2026-09-22 10:00:00,Good,False,False,2026-09-22
Bengaluru,India,46.0,4.6,5.7,4.1,69.0,3.3,168.0,13.0,77.600006,Asia/Kolkata,2026-09-22 11:00:00,Good,False,False,2026-09-22
Bengaluru,India,46.0,4.1,5.1,2.8,76.0,2.9,154.0,13.0,77.600006,Asia/Kolkata,2026-09-22 12:00:00,Good,False,False,2026-09-22
Bengaluru,India,46.0,4.2,5.0,2.3,80.0,2.6,146.0,13.0,77.600006,Asia/Kolkata,2026-09-22 13:00:00,Good,False,False,2026-09-22
Bengaluru,India,46.0,3.7,4.4,3.8,80.0,2.5,157.0,13.0,77.600006,Asia/Kolkata,2026-09-22 14:00:00,Good,False,False,2026-09-22
Bengaluru,India,46.0,3.5,4.2,9.1,72.0,2.7,203.0,13.0,77.600006,Asia/Kolkata,2026-09-22 15:00:00,Good,False,False,2026-09-22
Bengaluru,India,46.0,6.9,7.3,16.4,60.0,3.2,269.0,13.0,77.600006,Asia/Kolkata,2026-09-22 16:00:00,Good,False,False,2026-09-22
Bengaluru,India,46.0,7.1,7.3,22.2,50.0,3.8,319.0,13.0,77.600006,Asia/Kolkata,2026-09-22 17:00:00,Good,False,False,2026-09-22
Bengaluru,India,44.0,7.3,7.5,25.0,44.0,4.7,341.0,13.0,77.600006,Asia/Kolkata,2026-09-22 18:00:00,Good,False,False,2026-09-22
Bengaluru,India,42.0,8.5,8.7,26.3,39.0,5.7,347.0,13.0,77.600006,Asia/Kolkata,2026-09-22 19:00:00,Good,False,False,2026-09-22
Bengaluru,India,40.0,9.3,9.5,26.2,36.0,6.3,344.0,13.0,77.600006,Asia/Kolkata,2026-09-22 20:00:00,Good,False,False,2026-09-22
Bengaluru,India,38.0,9.4,9.7,24.6,35.0,6.3,331.0,13.0,77.600006,Asia/Kolkata,2026-09-22 21:00:00,Good,False,False,2026-09-22
Bengaluru,India,37.0,9.2,9.6,21.8,36.0,5.9,307.0,13.0,77.600006,Asia/Kolkata,2026-09-22 22:00:00,Good,False,False,2026-09-22
Bengaluru,India,36.0,8.4,9.0,18.7,37.0,5.5,281.0,13.0,77.600006,Asia/Kolkata,2026-09-22 23:00:00,Good,False,False,2026-09-22
Delhi,India,140.0,73.3,74.5,48.3,35.0,33.9,591.0,28.599998,77.20001,Asia/Kolkata,2026-09-16 00:00:00,Unhealthy for Sensitive Groups,True,False,2026-09-16
Delhi,India,142.0,73.1,74.3,45.6,33.0,33.3,540.0,28.599998,77.20001,Asia/Kolkata,2026-09-16 01:00:00,Unhealthy for Sensitive Groups,True,False,2026-09-16
Delhi,India,144.0,75.7,76.8,44.5,30.0,33.3,506.0,28.599998,77.20001,Asia/Kolkata,2026-09-16 02:00:00,Unhealthy for Sensitive Groups,True,False,2026-09-16
Delhi,India,147.0,78.0,79.2,47.9,20.0,33.9,479.0,28.599998,77.20001,Asia/Kolkata,2026-09-16 03:00:00,Unhealthy for Sensitive Groups,True,False,2026-09-16
Delhi,India,150.0,80.6,81.7,53.0,9.0,35.1,469.0,28.599998,77.20001,Asia/Kolkata,2026-09-16 04:00:00,Unhealthy for Sensitive Groups,True,False,2026-09-16
Delhi,India,151.0,76.4,77.3,53.3,17.0,35.4,498.0,28.599998,77.20001,Asia/Kolkata,2026-09-16 05:00:00,Unhealthy,True,True,2026-09-16
Delhi,India,152.0,86.8,87.8,52.3,32.0,38.8,613.0,28.599998,77.20001,Asia/Kolkata,2026-09-16 06:00:00,Unhealthy,True,True,2026-09-16
Delhi,India,153.0,86.8,87.5,50.4,55.0,43.3,767.0,28.599998,77.20001,Asia/Kolkata,2026-09-16 07:00:00,Unhealthy,True,True,2026-09-16
Delhi,India,153.0,75.2,76.1,45.5,87.0,45.5,838.0,28.599998,77.20001,Asia/Kolkata,2026-09-16 08:00:00,Unhealthy,True,True,2026-09-16
Delhi,India,154.0,58.7,59.8,34.5,137.0,43.4,744.0,28.599998,77.20001,Asia/Kolkata,2026-09-16 09:00:00,Unhealthy,True,True,2026-09-16
Delhi,India,155.0,55.3,56.8,20.5,196.0,39.0,568.0,28.599998,77.20001,Asia/Kolkata,2026-09-16 10:00:00,Unhealthy,True,True,2026-09-16
Delhi,India,155.0,54.8,56.6,10.1,240.0,34.7,436.0,28.599998,77.20001,Asia/Kolkata,2026-09-16 11:00:00,Unhealthy,True,True,2026-09-16
Delhi,India,156.0,55.8,57.7,6.3,259.0,31.2,399.0,28.599998,77.20001,Asia/Kolkata,2026-09-16 12:00:00,Unhealthy,True,True,2026-09-16
Delhi,India,156.0,56.3,59.0,6.2,263.0,27.9,405.0,28.599998,77.20001,Asia/Kolkata,2026-09-16 13:00:00,Unhealthy,True,True,2026-09-16
Delhi,India,157.0,56.8,60.1,7.4,257.0,25.1,426.0,28.599998,77.20001,Asia/Kolkata,2026-09-16 14:00:00,Unhealthy,True,True,2026-09-16
Delhi,India,176.0,54.9,58.9,9.3,241.0,22.9,411.0,28.599998,77.20001,Asia/Kolkata,2026-09-16 15:00:00,Unhealthy,True,True,2026-09-16
Delhi,India,202.0,51.8,55.5,12.6,215.0,21.3,412.0,28.599998,77.20001,Asia/Kolkata,2026-09-16 16:00:00,Very Unhealthy,True,True,2026-09-16
Delhi,India,211.0,46.3,51.9,17.8,181.0,21.7,554.0,28.599998,77.20001,Asia/Kolkata,2026-09-16 17:00:00,Very Unhealthy,True,True,2026-09-16
Delhi,India,214.0,51.2,56.3,24.1,157.0,24.5,992.0,28.599998,77.20001,Asia/Kolkata,2026-09-16 18:00:00,Very Unhealthy,True,True,2026-09-16
Delhi,India,211.0,57.6,62.6,33.1,124.0,28.5,1571.0,28.599998,77.20001,Asia/Kolkata,2026-09-16 19:00:00,Very Unhealthy,True,True,2026-09-16
Delhi,India,203.0,65.9,71.0,42.0,95.0,32.5,1958.0,28.599998,77.20001,Asia/Kolkata,2026-09-16 20:00:00,Very Unhealthy,True,True,2026-09-16
Delhi,India,182.0,75.0,80.6,50.9,74.0,36.5,2010.0,28.599998,77.20001,Asia/Kolkata,2026-09-16 21:00:00,Unhealthy,True,True,2026-09-16
Delhi,India,158.0,84.5,90.3,59.6,58.0,40.5,1869.0,28.599998,77.20001,Asia/Kolkata,2026-09-16 22:00:00,Unhealthy,True,True,2026-09-16
Delhi,India,158.0,93.8,100.1,65.3,46.0,43.0,1630.0,28.599998,77.20001,Asia/Kolkata,2026-09-16 23:00:00,Unhealthy,True,True,2026-09-16
Delhi,India,159.0,97.1,104.1,65.7,40.0,42.8,1243.0,28.599998,77.20001,Asia/Kolkata,2026-09-17 00:00:00,Unhealthy,True,True,2026-09-17
Delhi,India,159.0,98.5,105.7,63.1,38.0,41.0,759.0,28.599998,77.20001,Asia/Kolkata,2026-09-17 01:00:00,Unhealthy,True,True,2026-09-17
Delhi,India,160.0,99.9,107.1,60.9,36.0,39.5,420.0,28.599998,77.20001,Asia/Kolkata,2026-09-17 02:00:00,Unhealthy,True,True,2026-09-17
Delhi,India,161.0,102.0,109.0,61.2,28.0,38.6,352.0,28.599998,77.20001,Asia/Kolkata,2026-09-17 03:00:00,Unhealthy,True,True,2026-09-17
Delhi,India,162.0,103.1,109.4,62.0,19.0,37.9,429.0,28.599998,77.20001,Asia/Kolkata,2026-09-17 04:00:00,Unhealthy,True,True,2026-09-17
Delhi,India,162.0,40.5,43.4,16.4,104.0,20.6,523.0,28.599998,77.20001,Asia/Kolkata,2026-09-17 05:00:00,Unhealthy,True,True,2026-09-17
Delhi,India,161.0,40.2,42.8,18.9,103.0,21.6,616.0,28.599998,77.20001,Asia/Kolkata,2026-09-17 06:00:00,Unhealthy,True,True,2026-09-17
Delhi,India,160.0,39.6,42.3,22.1,102.0,23.0,724.0,28.599998,77.20001,Asia/Kolkata,2026-09-17 07:00:00,Unhealthy,True,True,2026-09-17
Delhi,India,158.0,38.5,42.5,23.0,111.0,24.1,771.0,28.599998,77.20001,Asia/Kolkata,2026-09-17 08:00:00,Unhealthy,True,True,2026-09-17
Delhi,India,157.0,38.2,43.0,19.4,138.0,24.8,697.0,28.599998,77.20001,Asia/Kolkata,2026-09-17 09:00:00,Unhealthy,True,True,2026-09-17
Delhi,India,157.0,37.5,42.7,13.5,175.0,25.2,561.0,28.599998,77.20001,Asia/Kolkata,2026-09-17 10:00:00,Unhealthy,True,True,2026-09-17
Delhi,India,156.0,38.4,44.6,9.0,207.0,25.4,460.0,28.599998,77.20001,Asia/Kolkata,2026-09-17 11:00:00,Unhealthy,True,True,2026-09-17
Delhi,India,156.0,40.7,47.5,7.2,230.0,25.6,432.0,28.599998,77.20001,Asia/Kolkata,2026-09-17 12:00:00,Unhealthy,True,True,2026-09-17
Delhi,India,155.0,43.0,50.2,6.7,248.0,25.6,438.0,28.599998,77.20001,Asia/Kolkata,2026-09-17 13:00:00,Unhealthy,True,True,2026-09-17
Delhi,India,155.0,44.8,52.7,7.3,253.0,25.0,460.0,28.599998,77.20001,Asia/Kolkata,2026-09-17 14:00:00,Unhealthy,True,True,2026-09-17
Delhi,India,171.0,45.6,54.5,8.8,239.0,23.1,501.0,28.599998,77.20001,Asia/Kolkata,2026-09-17 15:00:00,Unhealthy,True,True,2026-09-17
Delhi,India,193.0,44.7,54.4,11.4,213.0,20.5,558.0,28.599998,77.20001,Asia/Kolkata,2026-09-17 16:00:00,Unhealthy,True,True,2026-09-17
Delhi,India,204.0,43.0,56.0,22.5,131.0,18.4,603.0,28.599998,77.20001,Asia/Kolkata,2026-09-17 17:00:00,Very Unhealthy,True,True,2026-09-17
Delhi,India,203.0,48.3,60.5,26.1,118.0,19.5,627.0,28.599998,77.20001,Asia/Kolkata,2026-09-17 18:00:00,Very Unhealthy,True,True,2026-09-17
Delhi,India,199.0,52.3,64.3,30.9,101.0,21.0,639.0,28.599998,77.20001,Asia/Kolkata,2026-09-17 19:00:00,Unhealthy,True,True,2026-09-17
Delhi,India,182.0,51.6,63.3,33.5,88.0,21.7,636.0,28.599998,77.20001,Asia/Kolkata,2026-09-17 20:00:00,Unhealthy,True,True,2026-09-17
Delhi,India,159.0,50.9,64.0,32.0,85.0,20.9,610.0,28.599998,77.20001,Asia/Kolkata,2026-09-17 21:00:00,Unhealthy,True,True,2026-09-17
Delhi,India,153.0,47.5,57.7,28.4,87.0,19.2,570.0,28.599998,77.20001,Asia/Kolkata,2026-09-17 22:00:00,Unhealthy,True,True,2026-09-17
Delhi,India,151.0,41.7,52.5,25.0,88.0,17.7,541.0,28.599998,77.20001,Asia/Kolkata,2026-09-17 23:00:00,Unhealthy,True,True,2026-09-17
Delhi,India,150.0,37.7,48.8,22.6,86.0,16.5,536.0,28.599998,77.20001,Asia/Kolkata,2026-09-18 00:00:00,Unhealthy for Sensitive Groups,True,False,2026-09-18
Delhi,India,143.0,35.7,48.1,20.4,84.0,15.4,542.0,28.599998,77.20001,Asia/Kolkata,2026-09-18 01:00:00,Unhealthy for Sensitive Groups,True,False,2026-09-18
Delhi,India,137.0,35.0,47.8,19.0,81.0,14.9,545.0,28.599998,77.20001,Asia/Kolkata,2026-09-18 02:00:00,Unhealthy for Sensitive Groups,True,False,2026-09-18
Delhi,India,130.0,34.8,46.6,18.8,76.0,15.1,528.0,28.599998,77.20001,Asia/Kolkata,2026-09-18 03:00:00,Unhealthy for Sensitive Groups,True,False,2026-09-18
Delhi,India,123.0,35.0,45.1,19.3,71.0,15.8,508.0,28.599998,77.20001,Asia/Kolkata,2026-09-18 04:00:00,Unhealthy for Sensitive Groups,True,False,2026-09-18
Delhi,India,116.0,33.6,44.5,15.9,86.0,15.1,522.0,28.599998,77.20001,Asia/Kolkata,2026-09-18 05:00:00,Unhealthy for Sensitive Groups,True,False,2026-09-18
Delhi,India,115.0,34.7,46.8,16.8,92.0,16.2,616.0,28.599998,77.20001,Asia/Kolkata,2026-09-18 06:00:00,Unhealthy for Sensitive Groups,True,False,2026-09-18
Delhi,India,115.0,36.3,48.4,18.0,101.0,17.8,744.0,28.599998,77.20001,Asia/Kolkata,2026-09-18 07:00:00,Unhealthy for Sensitive Groups,True,False,2026-09-18
Delhi,India,114.0,33.5,48.3,17.7,114.0,18.8,803.0,28.599998,77.20001,Asia/Kolkata,2026-09-18 08:00:00,Unhealthy for Sensitive Groups,True,False,2026-09-18
Delhi,India,114.0,32.1,46.1,14.6,136.0,18.8,725.0,28.599998,77.20001,Asia/Kolkata,2026-09-18 09:00:00,Unhealthy for Sensitive Groups,True,False,2026-09-18
Delhi,India,113.0,31.7,45.9,10.0,163.0,18.2,578.0,28.599998,77.20001,Asia/Kolkata,2026-09-18 10:00:00,Unhealthy for Sensitive Groups,True,False,2026-09-18
Delhi,India,113.0,30.5,41.2,6.6,183.0,17.4,466.0,28.599998,77.20001,Asia/Kolkata,2026-09-18 11:00:00,Unhealthy for Sensitive Groups,True,False,2026-09-18
Delhi,India,112.0,29.6,39.9,5.1,191.0,16.4,429.0,28.599998,77.20001,Asia/Kolkata,2026-09-18 12:00:00,Unhealthy for Sensitive Groups,True,False,2026-09-18
Delhi,India,111.0,29.3,40.5,4.7,193.0,15.2,428.0,28.599998,77.20001,Asia/Kolkata,2026-09-18 13:00:00,Unhealthy for Sensitive Groups,True,False,2026-09-18
Delhi,India,116.0,32.2,49.0,5.5,189.0,14.5,448.0,28.599998,77.20001,Asia/Kolkata,2026-09-18 14:00:00,Unhealthy for Sensitive Groups,True,False,2026-09-18
Delhi,India,137.0,30.6,46.8,7.8,180.0,14.6,470.0,28.599998,77.20001,Asia/Kolkata,2026-09-18 15:00:00,Unhealthy for Sensitive Groups,True,False,2026-09-18
Delhi,India,153.0,32.1,50.9,11.2,167.0,15.2,513.0,28.599998,77.20001,Asia/Kolkata,2026-09-18 16:00:00,Unhealthy,True,True,2026-09-18
Delhi,India,161.0,34.5,53.3,15.3,151.0,16.1,623.0,28.599998,77.20001,Asia/Kolkata,2026-09-18 17:00:00,Unhealthy,True,True,2026-09-18
Delhi,India,163.0,37.8,54.1,20.3,132.0,17.5,859.0,28.599998,77.20001,Asia/Kolkata,2026-09-18 18:00:00,Unhealthy,True,True,2026-09-18
Delhi,India,158.0,39.9,54.0,26.0,110.0,19.2,1162.0,28.599998,77.20001,Asia/Kolkata,2026-09-18 19:00:00,Unhealthy,True,True,2026-09-18
Delhi,India,146.0,41.4,56.1,30.7,91.0,20.4,1405.0,28.599998,77.20001,Asia/Kolkata,2026-09-18 20:00:00,Unhealthy for Sensitive Groups,True,False,2026-09-18
Delhi,India,125.0,43.1,57.4,33.6,78.0,20.7,1548.0,28.599998,77.20001,Asia/Kolkata,2026-09-18 21:00:00,Unhealthy for Sensitive Groups,True,False,2026-09-18
Delhi,India,100.0,44.6,58.3,35.4,69.0,20.5,1631.0,28.599998,77.20001,Asia/Kolkata,2026-09-18 22:00:00,Moderate,False,False,2026-09-18
Delhi,India,100.0,45.6,58.1,37.4,61.0,20.4,1644.0,28.599998,77.20001,Asia/Kolkata,2026-09-18 23:00:00,Moderate,False,False,2026-09-18
Delhi,India,100.0,46.2,57.3,39.6,53.0,20.6,1544.0,28.599998,77.20001,Asia/Kolkata,2026-09-19 00:00:00,Moderate,False,False,2026-09-19
Delhi,India,101.0,48.1,58.7,41.8,47.0,20.9,1374.0,28.599998,77.20001,Asia/Kolkata,2026-09-19 01:00:00,Unhealthy for Sensitive Groups,True,False,2026-09-19
Delhi,India,102.0,52.3,62.6,44.8,40.0,21.5,1258.0,28.599998,77.20001,Asia/Kolkata,2026-09-19 02:00:00,Unhealthy for Sensitive Groups,True,False,2026-09-19
Delhi,India,104.0,56.3,66.8,50.5,29.0,22.6,1268.0,28.599998,77.20001,Asia/Kolkata,2026-09-19 03:00:00,Unhealthy for Sensitive Groups,True,False,2026-09-19
Delhi,India,106.0,60.8,71.5,57.0,17.0,23.9,1331.0,28.599998,77.20001,Asia/Kolkata,2026-09-19 04:00:00,Unhealthy for Sensitive Groups,True,False,2026-09-19
Delhi,India,109.0,65.0,76.6,58.9,18.0,25.4,1351.0,28.599998,77.20001,Asia/Kolkata,2026-09-19 05:00:00,Unhealthy for Sensitive Groups,True,False,2026-09-19
Delhi,India,112.0,71.9,84.5,52.8,39.0,27.3,1290.0,28.599998,77.20001,Asia/Kolkata,2026-09-19 06:00:00,Unhealthy for Sensitive Groups,True,False,2026-09-19
Delhi,India,116.0,73.6,84.3,42.2,73.0,29.2,1186.0,28.599998,77.20001,Asia/Kolkata,2026-09-19 07:00:00,Unhealthy for Sensitive Groups,True,False,2026-09-19
Delhi,India,120.0,57.2,72.9,31.9,107.0,30.1,1057.0,28.599998,77.20001,Asia/Kolkata,2026-09-19 08:00:00,Unhealthy for Sensitive Groups,True,False,2026-09-19
Delhi,India,122.0,53.8,75.0,22.8,143.0,29.3,881.0,28.599998,77.20001,Asia/Kolkata,2026-09-19 09:00:00,Unhealthy for Sensitive Groups,True,False,2026-09-19
Delhi,India,125.0,53.8,80.6,14.1,179.0,27.4,679.0,28.599998,77.20001,Asia/Kolkata,2026-09-19 10:00:00,Unhealthy for Sensitive Groups,True,False,2026-09-19
Delhi,India,127.0,52.7,84.1,7.8,205.0,25.3,537.0,28.599998,77.20001,Asia/Kolkata,2026-09-19 11:00:00,Unhealthy for Sensitive Groups,True,False,2026-09-19
Delhi,India,129.0,51.5,84.8,5.1,214.0,22.8,494.0,28.599998,77.20001,Asia/Kolkata,2026-09-19 12:00:00,Unhealthy for Sensitive Groups,True,False,2026-09-19
Delhi,India,131.0,49.5,82.9,4.8,211.0,20.1,510.0,28.599998,77.20001,Asia/Kolkata,2026-09-19 13:00:00,Unhealthy for Sensitive Groups,True,False,2026-09-19
Delhi,India,134.0,48.1,81.0,6.1,204.0,18.3,553.0,28.599998,77.20001,Asia/Kolkata,2026-09-19 14:00:00,Unhealthy for Sensitive Groups,True,False,2026-09-19
Delhi,India,151.0,47.8,79.6,8.4,195.0,17.9,573.0,28.599998,77.20001,Asia/Kolkata,2026-09-19 15:00:00,Unhealthy,True,True,2026-09-19
Delhi,India,170.0,49.4,76.1,12.3,181.0,18.4,620.0,28.599998,77.20001,Asia/Kolkata,2026-09-19 16:00:00,Unhealthy,True,True,2026-09-19
Delhi,India,182.0,51.1,76.1,18.5,161.0,19.6,809.0,28.599998,77.20001,Asia/Kolkata,2026-09-19 17:00:00,Unhealthy,True,True,2026-09-19
Delhi,India,185.0,55.6,77.8,28.0,132.0,21.7,1323.0,28.599998,77.20001,Asia/Kolkata,2026-09-19 18:00:00,Unhealthy,True,True,2026-09-19
Delhi,India,177.0,63.3,81.5,39.8,97.0,24.6,1978.0,28.599998,77.20001,Asia/Kolkata,2026-09-19 19:00:00,Unhealthy,True,True,2026-09-19
Delhi,India,160.0,69.8,86.8,52.0,67.0,27.7,2344.0,28.599998,77.20001,Asia/Kolkata,2026-09-19 20:00:00,Unhealthy,True,True,2026-09-19
Delhi,India,148.0,80.1,97.1,65.4,45.0,31.2,2165.0,28.599998,77.20001,Asia/Kolkata,2026-09-19 21:00:00,Unhealthy for Sensitive Groups,True,False,2026-09-19
Delhi,India,150.0,92.4,110.6,79.1,27.0,34.9,1697.0,28.599998,77.20001,Asia/Kolkata,2026-09-19 22:00:00,Unhealthy for Sensitive Groups,True,False,2026-09-19
Delhi,India,152.0,101.5,121.1,88.4,15.0,37.3,1267.0,28.599998,77.20001,Asia/Kolkata,2026-09-19 23:00:00,Unhealthy,True,True,2026-09-19
Delhi,India,154.0,106.4,127.1,90.5,11.0,37.6,968.0,28.599998,77.20001,Asia/Kolkata,2026-09-20 00:00:00,Unhealthy,True,True,2026-09-20
Delhi,India,155.0,108.5,129.9,88.2,13.0,36.6,708.0,28.599998,77.20001,Asia/Kolkata,2026-09-20 01:00:00,Unhealthy,True,True,2026-09-20
Delhi,India,157.0,108.7,130.9,85.4,14.0,35.7,544.0,28.599998,77.20001,Asia/Kolkata,2026-09-20 02:00:00,Unhealthy,True,True,2026-09-20
Delhi,India,159.0,108.5,131.3,84.3,10.0,35.4,526.0,28.599998,77.20001,Asia/Kolkata,2026-09-20 03:00:00,Unhealthy,True,True,2026-09-20
Delhi,India,160.0,109.0,131.8,82.6,5.0,35.3,603.0,28.599998,77.20001,Asia/Kolkata,2026-09-20 04:00:00,Unhealthy,True,True,2026-09-20
Delhi,India,162.0,110.8,133.6,77.6,12.0,35.2,677.0,28.599998,77.20001,Asia/Kolkata,2026-09-20 05:00:00,Unhealthy,True,True,2026-09-20
Delhi,India,163.0,115.5,136.4,66.8,38.0,35.2,728.0,28.599998,77.20001,Asia/Kolkata,2026-09-20 06:00:00,Unhealthy,True,True,2026-09-20
Delhi,India,164.0,113.9,129.9,52.5,75.0,35.3,776.0,28.599998,77.20001,Asia/Kolkata,2026-09-20 07:00:00,Unhealthy,True,True,2026-09-20
Delhi,India,166.0,95.9,120.1,39.2,115.0,35.6,785.0,28.599998,77.20001,Asia/Kolkata,2026-09-20 08:00:00,Unhealthy,True,True,2026-09-20
Delhi,India,167.0,72.6,105.0,27.5,159.0,36.7,721.0,28.599998,77.20001,Asia/Kolkata,2026-09-20 09:00:00,Unhealthy,True,True,2026-09-20
Delhi,India,167.0,65.7,96.9,16.8,205.0,37.9,618.0,28.599998,77.20001,Asia/Kolkata,2026-09-20 10:00:00,Unhealthy,True,True,2026-09-20
Delhi,India,168.0,62.4,90.6,9.0,238.0,37.7,538.0,28.599998,77.20001,Asia/Kolkata,2026-09-20 11:00:00,Unhealthy,True,True,2026-09-20
Delhi,India,168.0,60.1,86.6,5.4,251.0,34.6,507.0,28.599998,77.20001,Asia/Kolkata,2026-09-20 12:00:00,Unhealthy,True,True,2026-09-20
Delhi,India,168.0,57.9,84.5,4.9,251.0,30.1,500.0,28.599998,77.20001,Asia/Kolkata,2026-09-20 13:00:00,Unhealthy,True,True,2026-09-20
Delhi,India,169.0,57.3,84.1,5.7,245.0,26.7,503.0,28.599998,77.20001,Asia/Kolkata,2026-09-20 14:00:00,Unhealthy,True,True,2026-09-20
Delhi,India,183.0,57.3,83.6,7.4,234.0,25.6,470.0,28.599998,77.20001,Asia/Kolkata,2026-09-20 15:00:00,Unhealthy,True,True,2026-09-20
Delhi,India,203.0,57.7,80.3,10.5,217.0,25.6,448.0,28.599998,77.20001,Asia/Kolkata,2026-09-20 16:00:00,Very Unhealthy,True,True,2026-09-20
Delhi,India,210.0,58.3,79.2,14.8,195.0,26.1,557.0,28.599998,77.20001,Asia/Kolkata,2026-09-20 17:00:00,Very Unhealthy,True,True,2026-09-20
Delhi,India,213.0,60.5,79.4,20.3,164.0,26.8,922.0,28.599998,77.20001,Asia/Kolkata,2026-09-20 18:00:00,Very Unhealthy,True,True,2026-09-20
Delhi,India,210.0,65.4,82.0,27.0,127.0,28.0,1420.0,28.599998,77.20001,Asia/Kolkata,2026-09-20 19:00:00,Very Unhealthy,True,True,2026-09-20
Delhi,India,203.0,71.7,87.5,34.8,95.0,30.2,1799.0,28.599998,77.20001,Asia/Kolkata,2026-09-20 20:00:00,Very Unhealthy,True,True,2026-09-20
Delhi,India,181.0,80.8,96.4,44.5,73.0,34.3,1959.0,28.599998,77.20001,Asia/Kolkata,2026-09-20 21:00:00,Unhealthy,True,True,2026-09-20
Delhi,India,170.0,92.2,108.3,55.3,56.0,39.5,2002.0,28.599998,77.20001,Asia/Kolkata,2026-09-20 22:00:00,Unhealthy,True,True,2026-09-20
Delhi,India,170.0,101.3,118.5,64.1,42.0,43.5,1980.0,28.599998,77.20001,Asia/Kolkata,2026-09-20 23:00:00,Unhealthy,True,True,2026-09-20
Delhi,India,170.0,107.1,125.3,69.3,32.0,45.4,1895.0,28.599998,77.20001,Asia/Kolkata,2026-09-21 00:00:00,Unhealthy,True,True,2026-09-21
Delhi,India,170.0,110.8,129.9,72.6,26.0,46.3,1747.0,28.599998,77.20001,Asia/Kolkata,2026-09-21 01:00:00,Unhealthy,True,True,2026-09-21
Delhi,India,170.0,113.9,133.6,75.9,20.0,47.0,1585.0,28.599998,77.20001,Asia/Kolkata,2026-09-21 02:00:00,Unhealthy,True,True,2026-09-21
Delhi,India,170.0,118.3,137.8,81.9,9.0,48.0,1399.0,28.599998,77.20001,Asia/Kolkata,2026-09-21 03:00:00,Unhealthy,True,True,2026-09-21
Delhi,India,170.0,123.4,143.4,87.8,0.0,49.0,1200.0,28.599998,77.20001,Asia/Kolkata,2026-09-21 04:00:00,Unhealthy,True,True,2026-09-21
Delhi,India,171.0,128.5,148.5,88.0,1.0,49.6,1070.0,28.599998,77.20001,Asia/Kolkata,2026-09-21 05:00:00,Unhealthy,True,True,2026-09-21
Delhi,India,171.0,136.9,156.9,78.3,26.0,50.0,1085.0,28.599998,77.20001,Asia/Kolkata,2026-09-21 06:00:00,Unhealthy,True,True,2026-09-21
Delhi,India,172.0,130.9,143.9,62.8,65.0,50.1,1170.0,28.599998,77.20001,Asia/Kolkata,2026-09-21 07:00:00,Unhealthy,True,True,2026-09-21
Delhi,India,172.0,98.5,114.3,47.7,108.0,49.6,1176.0,28.599998,77.20001,Asia/Kolkata,2026-09-21 08:00:00,Unhealthy,True,True,2026-09-21
Delhi,India,173.0,74.0,92.0,34.1,159.0,48.3,1008.0,28.599998,77.20001,Asia/Kolkata,2026-09-21 09:00:00,Unhealthy,True,True,2026-09-21
Delhi,India,173.0,66.6,83.1,20.9,213.0,46.4,762.0,28.599998,77.20001,Asia/Kolkata,2026-09-21 10:00:00,Unhealthy,True,True,2026-09-21
Delhi,India,173.0,64.5,80.1,11.3,254.0,43.9,577.0,28.599998,77.20001,Asia/Kolkata,2026-09-21 11:00:00,Unhealthy,True,True,2026-09-21
Delhi,India,173.0,64.0,79.2,7.0,273.0,40.6,516.0,28.599998,77.20001,Asia/Kolkata,2026-09-21 12:00:00,Unhealthy,True,True,2026-09-21
Delhi,India,173.0,63.1,77.3,6.2,277.0,36.7,516.0,28.599998,77.20001,Asia/Kolkata,2026-09-21 13:00:00,Unhealthy,True,True,2026-09-21
Delhi,India,173.0,61.2,74.5,7.2,272.0,33.4,524.0,28.599998,77.20001,Asia/Kolkata,2026-09-21 14:00:00,Unhealthy,True,True,2026-09-21
Delhi,India,196.0,58.6,70.8,9.3,257.0,30.8,511.0,28.599998,77.20001,Asia/Kolkata,2026-09-21 15:00:00,Unhealthy,True,True,2026-09-21
Delhi,India,211.0,58.0,68.5,13.2,233.0,28.7,506.0,28.599998,77.20001,Asia/Kolkata,2026-09-21 16:00:00,Very Unhealthy,True,True,2026-09-21
Delhi,India,220.0,57.2,67.5,18.4,205.0,27.6,542.0,28.599998,77.20001,Asia/Kolkata,2026-09-21 17:00:00,Very Unhealthy,True,True,2026-09-21
Delhi,India,223.0,59.5,69.6,25.9,170.0,28.1,659.0,28.599998,77.20001,Asia/Kolkata,2026-09-21 18:00:00,Very Unhealthy,True,True,2026-09-21
Delhi,India,220.0,63.8,75.0,34.7,131.0,29.5,817.0,28.599998,77.20001,Asia/Kolkata,2026-09-21 19:00:00,Very Unhealthy,True,True,2026-09-21
Delhi,India,212.0,65.7,81.5,41.8,99.0,30.8,934.0,28.599998,77.20001,Asia/Kolkata,2026-09-21 20:00:00,Very Unhealthy,True,True,2026-09-21
Delhi,India,200.0,65.9,88.5,45.4,80.0,31.3,976.0,28.599998,77.20001,Asia/Kolkata,2026-09-21 21:00:00,Unhealthy,True,True,2026-09-21
Delhi,India,172.0,66.6,95.5,47.3,69.0,31.5,976.0,28.599998,77.20001,Asia/Kolkata,2026-09-21 22:00:00,Unhealthy,True,True,2026-09-21
Delhi,India,172.0,68.0,101.7,50.2,58.0,32.1,959.0,28.599998,77.20001,Asia/Kolkata,2026-09-21 23:00:00,Unhealthy,True,True,2026-09-21
Delhi,India,171.0,71.0,107.6,55.8,46.0,33.5,921.0,28.599998,77.20001,Asia/Kolkata,2026-09-22 00:00:00,Unhealthy,True,True,2026-09-22
Delhi,India,170.0,75.7,113.9,62.4,36.0,35.3,866.0,28.599998,77.20001,Asia/Kolkata,2026-09-22 01:00:00,Unhealthy,True,True,2026-09-22
Delhi,India,169.0,80.1,119.7,67.9,27.0,36.6,822.0,28.599998,77.20001,Asia/Kolkata,2026-09-22 02:00:00,Unhealthy,True,True,2026-09-22
Delhi,India,168.0,83.6,124.3,72.6,16.0,36.9,802.0,28.599998,77.20001,Asia/Kolkata,2026-09-22 03:00:00,Unhealthy,True,True,2026-09-22
Delhi,India,166.0,86.6,125.7,76.3,7.0,36.6,794.0,28.599998,77.20001,Asia/Kolkata,2026-09-22 04:00:00,Unhealthy,True,True,2026-09-22
Delhi,India,165.0,89.6,128.1,75.9,9.0,36.9,850.5,28.599998,77.20001,Asia/Kolkata,2026-09-22 05:00:00,Unhealthy,True,True,2026-09-22
Delhi,India,164.0,96.9,135.5,69.4,29.0,38.2,908.0,28.599998,77.20001,Asia/Kolkata,2026-09-22 06:00:00,Unhealthy,True,True,2026-09-22
Delhi,India,163.0,102.9,125.7,59.0,60.0,39.9,956.3,28.599998,77.20001,Asia/Kolkata,2026-09-22 07:00:00,Unhealthy,True,True,2026-09-22
Delhi,India,162.0,76.1,101.5,47.9,97.0,41.4,956.0,28.599998,77.20001,Asia/Kolkata,2026-09-22 08:00:00,Unhealthy,True,True,2026-09-22
Delhi,India,162.0,64.3,84.5,36.2,145.0,43.2,827.0,28.599998,77.20001,Asia/Kolkata,2026-09-22 09:00:00,Unhealthy,True,True,2026-09-22
Delhi,India,161.0,58.8,76.8,23.9,198.0,44.8,659.0,28.599998,77.20001,Asia/Kolkata,2026-09-22 10:00:00,Unhealthy,True,True,2026-09-22
Delhi,India,161.0,57.7,73.8,14.5,237.0,44.2,526.0,28.599998,77.20001,Asia/Kolkata,2026-09-22 11:00:00,Unhealthy,True,True,2026-09-22
Delhi,India,161.0,56.6,72.2,9.5,253.0,39.6,461.0,28.599998,77.20001,Asia/Kolkata,2026-09-22 12:00:00,Unhealthy,True,True,2026-09-22
Delhi,India,161.0,53.6,67.5,7.4,256.0,32.7,433.0,28.599998,77.20001,Asia/Kolkata,2026-09-22 13:00:00,Unhealthy,True,True,2026-09-22
Delhi,India,160.0,50.3,62.6,7.4,249.0,27.1,423.0,28.599998,77.20001,Asia/Kolkata,2026-09-22 14:00:00,Unhealthy,True,True,2026-09-22
Delhi,India,176.0,48.0,60.8,9.6,233.0,23.9,425.0,28.599998,77.20001,Asia/Kolkata,2026-09-22 15:00:00,Unhealthy,True,True,2026-09-22
Delhi,India,201.0,46.4,59.1,13.9,208.0,21.9,445.0,28.599998,77.20001,Asia/Kolkata,2026-09-22 16:00:00,Very Unhealthy,True,True,2026-09-22
Delhi,India,209.0,47.5,59.8,18.9,182.0,21.0,481.0,28.599998,77.20001,Asia/Kolkata,2026-09-22 17:00:00,Very Unhealthy,True,True,2026-09-22
Delhi,India,211.0,51.3,64.7,24.9,153.0,21.5,540.0,28.599998,77.20001,Asia/Kolkata,2026-09-22 18:00:00,Very Unhealthy,True,True,2026-09-22
Delhi,India,208.0,54.9,71.2,31.6,123.0,23.1,616.0,28.599998,77.20001,Asia/Kolkata,2026-09-22 19:00:00,Very Unhealthy,True,True,2026-09-22
Delhi,India,201.0,56.5,78.5,37.2,99.0,24.6,682.0,28.599998,77.20001,Asia/Kolkata,2026-09-22 20:00:00,Very Unhealthy,True,True,2026-09-22
Delhi,India,177.0,58.3,85.2,40.0,87.0,25.3,726.0,28.599998,77.20001,Asia/Kolkata,2026-09-22 21:00:00,Unhealthy,True,True,2026-09-22
Delhi,India,158.0,62.2,90.6,41.7,81.0,25.9,760.0,28.599998,77.20001,Asia/Kolkata,2026-09-22 22:00:00,Unhealthy,True,True,2026-09-22
Delhi,India,158.0,68.5,97.6,45.4,74.0,27.6,802.0,28.599998,77.20001,Asia/Kolkata,2026-09-22 23:00:00,Unhealthy,True,True,2026-09-22
London,United Kingdom,29.0,4.0,8.6,15.4,47.0,0.9,202.0,51.5,-0.10000038,Europe/London,2026-09-16 00:00:00,Good,False,False,2026-09-16
London,United Kingdom,27.0,3.5,7.1,11.3,48.0,0.7,196.0,51.5,-0.10000038,Europe/London,2026-09-16 01:00:00,Good,False,False,2026-09-16
London,United Kingdom,26.0,3.1,6.0,7.5,45.0,0.6,191.0,51.5,-0.10000038,Europe/London,2026-09-16 02:00:00,Good,False,False,2026-09-16
London,United Kingdom,24.0,2.8,5.1,6.7,45.0,0.6,187.0,51.5,-0.10000038,Europe/London,2026-09-16 03:00:00,Good,False,False,2026-09-16
London,United Kingdom,23.0,2.6,4.8,6.4,45.0,0.6,185.0,51.5,-0.10000038,Europe/London,2026-09-16 04:00:00,Good,False,False,2026-09-16
London,United Kingdom,22.0,2.6,4.8,7.2,43.0,0.6,183.0,51.5,-0.10000038,Europe/London,2026-09-16 05:00:00,Good,False,False,2026-09-16
London,United Kingdom,22.0,3.1,5.3,10.6,39.0,0.7,184.0,51.5,-0.10000038,Europe/London,2026-09-16 06:00:00,Good,False,False,2026-09-16
London,United Kingdom,21.0,3.9,6.9,17.8,32.0,1.0,192.0,51.5,-0.10000038,Europe/London,2026-09-16 07:00:00,Good,False,False,2026-09-16
London,United Kingdom,21.0,4.6,8.2,21.8,32.0,1.2,212.0,51.5,-0.10000038,Europe/London,2026-09-16 08:00:00,Good,False,False,2026-09-16
London,United Kingdom,21.0,3.9,7.7,14.6,39.0,1.0,203.0,51.5,-0.10000038,Europe/London,2026-09-16 09:00:00,Good,False,False,2026-09-16
London,United Kingdom,20.0,3.5,6.7,10.5,42.0,0.8,199.0,51.5,-0.10000038,Europe/London,2026-09-16 10:00:00,Good,False,False,2026-09-16
London,United Kingdom,20.0,3.3,6.7,8.4,47.0,0.7,200.0,51.5,-0.10000038,Europe/London,2026-09-16 11:00:00,Good,False,False,2026-09-16
London,United Kingdom,20.0,3.2,5.9,7.2,51.0,0.6,201.0,51.5,-0.10000038,Europe/London,2026-09-16 12:00:00,Good,False,False,2026-09-16
London,United Kingdom,19.0,3.2,5.6,6.6,54.0,0.6,200.0,51.5,-0.10000038,Europe/London,2026-09-16 13:00:00,Good,False,False,2026-09-16
London,United Kingdom,19.0,3.1,5.6,6.4,57.0,0.6,198.0,51.5,-0.10000038,Europe/London,2026-09-16 14:00:00,Good,False,False,2026-09-16
London,United Kingdom,21.0,3.2,5.6,6.3,59.0,0.6,196.0,51.5,-0.10000038,Europe/London,2026-09-16 15:00:00,Good,False,False,2026-09-16
London,United Kingdom,22.0,3.2,6.5,7.0,60.0,0.6,195.0,51.5,-0.10000038,Europe/London,2026-09-16 16:00:00,Good,False,False,2026-09-16
London,United Kingdom,24.0,3.1,6.9,8.3,59.0,0.7,196.0,51.5,-0.10000038,Europe/London,2026-09-16 17:00:00,Good,False,False,2026-09-16
London,United Kingdom,25.0,3.1,7.2,12.9,56.0,0.8,201.0,51.5,-0.10000038,Europe/London,2026-09-16 18:00:00,Good,False,False,2026-09-16
London,United Kingdom,26.0,3.8,7.9,25.6,51.0,1.3,211.0,51.5,-0.10000038,Europe/London,2026-09-16 19:00:00,Good,False,False,2026-09-16
London,United Kingdom,26.0,4.3,8.2,29.2,45.0,1.5,201.0,51.5,-0.10000038,Europe/London,2026-09-16 20:00:00,Good,False,False,2026-09-16
London,United Kingdom,26.0,4.2,8.3,25.0,45.0,1.4,205.0,51.5,-0.10000038,Europe/London,2026-09-16 21:00:00,Good,False,False,2026-09-16
London,United Kingdom,25.0,5.0,9.1,24.3,43.0,1.5,204.0,51.5,-0.10000038,Europe/London,2026-09-16 22:00:00,Good,False,False,2026-09-16
London,United Kingdom,24.0,5.4,9.0,22.7,42.0,1.4,209.0,51.5,-0.10000038,Europe/London,2026-09-16 23:00:00,Good,False,False,2026-09-16
London,United Kingdom,23.0,5.7,9.3,19.5,49.0,1.1,197.0,51.5,-0.10000038,Europe/London,2026-09-17 00:00:00,Good,False,False,2026-09-17
London,United Kingdom,23.0,5.0,9.2,15.0,52.0,1.0,186.0,51.5,-0.10000038,Europe/London,2026-09-17 01:00:00,Good,False,False,2026-09-17
London,United Kingdom,22.0,4.2,8.6,9.6,54.0,0.8,185.0,51.5,-0.10000038,Europe/London,2026-09-17 02:00:00,Good,False,False,2026-09-17
London,United Kingdom,22.0,3.9,9.4,6.4,54.0,0.6,182.0,51.5,-0.10000038,Europe/London,2026-09-17 03:00:00,Good,False,False,2026-09-17
London,United Kingdom,22.0,4.1,10.0,5.2,57.0,0.5,179.0,51.5,-0.10000038,Europe/London,2026-09-17 04:00:00,Good,False,False,2026-09-17
London,United Kingdom,23.0,4.3,10.2,5.6,58.0,0.5,186.0,51.5,-0.10000038,Europe/London,2026-09-17 05:00:00,Good,False,False,2026-09-17
London,United Kingdom,24.0,4.5,9.4,7.1,60.0,0.5,188.0,51.5,-0.10000038,Europe/London,2026-09-17 06:00:00,Good,False,False,2026-09-17
London,United Kingdom,25.0,5.0,9.8,11.2,61.0,0.7,203.0,51.5,-0.10000038,Europe/London,2026-09-17 07:00:00,Good,False,False,2026-09-17
London,United Kingdom,26.0,4.8,10.2,18.3,58.0,0.9,211.0,51.5,-0.10000038,Europe/London,2026-09-17 08:00:00,Good,False,False,2026-09-17
London,United Kingdom,26.0,5.6,10.5,19.9,51.0,0.9,211.0,51.5,-0.10000038,Europe/London,2026-09-17 09:00:00,Good,False,False,2026-09-17
London,United Kingdom,26.0,6.2,9.9,18.2,53.0,0.9,207.0,51.5,-0.10000038,Europe/London,2026-09-17 10:00:00,Good,False,False,2026-09-17
London,United Kingdom,26.0,5.1,9.2,14.9,59.0,0.7,197.0,51.5,-0.10000038,Europe/London,2026-09-17 11:00:00,Good,False,False,2026-09-17
London,United Kingdom,26.0,5.1,8.8,9.6,65.0,0.6,196.0,51.5,-0.10000038,Europe/London,2026-09-17 12:00:00,Good,False,False,2026-09-17
London,United Kingdom,27.0,4.3,7.0,7.2,70.0,0.6,190.0,51.5,-0.10000038,Europe/London,2026-09-17 13:00:00,Good,False,False,2026-09-17
London,United Kingdom,28.0,4.1,7.7,6.9,76.0,0.6,191.0,51.5,-0.10000038,Europe/London,2026-09-17 14:00:00,Good,False,False,2026-09-17
London,United Kingdom,29.0,3.5,6.6,6.3,80.0,0.6,191.0,51.5,-0.10000038,Europe/London,2026-09-17 15:00:00,Good,False,False,2026-09-17
London,United Kingdom,30.0,3.3,6.4,7.1,74.0,0.6,188.0,51.5,-0.10000038,Europe/London,2026-09-17 16:00:00,Good,False,False,2026-09-17
London,United Kingdom,31.0,3.7,7.0,9.7,70.0,0.6,194.0,51.5,-0.10000038,Europe/London,2026-09-17 17:00:00,Good,False,False,2026-09-17
London,United Kingdom,32.0,4.1,8.4,13.9,65.0,0.8,200.0,51.5,-0.10000038,Europe/London,2026-09-17 18:00:00,Good,False,False,2026-09-17
London,United Kingdom,32.0,4.6,10.7,17.4,59.0,0.8,213.0,51.5,-0.10000038,Europe/London,2026-09-17 19:00:00,Good,False,False,2026-09-17
London,United Kingdom,32.0,5.0,10.9,21.0,53.0,1.1,214.0,51.5,-0.10000038,Europe/London,2026-09-17 20:00:00,Good,False,False,2026-09-17
London,United Kingdom,32.0,4.8,11.0,22.9,46.0,1.2,219.0,51.5,-0.10000038,Europe/London,2026-09-17 21:00:00,Good,False,False,2026-09-17
London,United Kingdom,30.0,6.0,12.3,21.9,41.0,1.1,218.0,51.5,-0.10000038,Europe/London,2026-09-17 22:00:00,Good,False,False,2026-09-17
London,United Kingdom,28.0,5.9,13.5,21.1,39.0,1.1,226.0,51.5,-0.10000038,Europe/London,2026-09-17 23:00:00,Good,False,False,2026-09-17
London,United Kingdom,26.0,6.0,13.1,21.7,38.0,1.2,234.0,51.5,-0.10000038,Europe/London,2026-09-18 00:00:00,Good,False,False,2026-09-18
London,United Kingdom,26.0,6.2,13.2,20.0,39.0,1.1,233.0,51.5,-0.10000038,Europe/London,2026-09-18 01:00:00,Good,False,False,2026-09-18
London,United Kingdom,26.0,6.3,13.2,16.5,41.0,1.0,220.0,51.5,-0.10000038,Europe/London,2026-09-18 02:00:00,Good,False,False,2026-09-18
London,United Kingdom,27.0,5.7,14.5,13.5,42.0,0.9,216.0,51.5,-0.10000038,Europe/London,2026-09-18 03:00:00,Good,False,False,2026-09-18
London,United Kingdom,27.0,6.7,15.4,11.7,41.0,0.9,211.0,51.5,-0.10000038,Europe/London,2026-09-18 04:00:00,Good,False,False,2026-09-18
London,United Kingdom,28.0,7.1,16.6,10.7,41.0,1.0,210.0,51.5,-0.10000038,Europe/London,2026-09-18 05:00:00,Good,False,False,2026-09-18
London,United Kingdom,29.0,8.3,18.1,14.4,38.0,1.1,211.0,51.5,-0.10000038,Europe/London,2026-09-18 06:00:00,Good,False,False,2026-09-18
London,United Kingdom,29.0,8.4,20.0,23.4,29.0,1.5,220.0,51.5,-0.10000038,Europe/London,2026-09-18 07:00:00,Good,False,False,2026-09-18
London,United Kingdom,30.0,9.4,19.4,30.8,31.0,1.8,252.0,51.5,-0.10000038,Europe/London,2026-09-18 08:00:00,Good,False,False,2026-09-18
London,United Kingdom,31.0,9.2,19.4,27.6,40.0,1.5,248.0,51.5,-0.10000038,Europe/London,2026-09-18 09:00:00,Good,False,False,2026-09-18
London,United Kingdom,32.0,7.9,17.8,18.6,47.0,1.3,232.0,51.5,-0.10000038,Europe/London,2026-09-18 10:00:00,Good,False,False,2026-09-18
London,United Kingdom,33.0,7.6,16.7,14.1,53.0,1.0,223.0,51.5,-0.10000038,Europe/London,2026-09-18 11:00:00,Good,False,False,2026-09-18
London,United Kingdom,33.0,7.3,15.8,11.6,60.0,0.8,215.0,51.5,-0.10000038,Europe/London,2026-09-18 12:00:00,Good,False,False,2026-09-18
London,United Kingdom,34.0,7.2,14.8,9.4,68.0,0.8,209.0,51.5,-0.10000038,Europe/London,2026-09-18 13:00:00,Good,False,False,2026-09-18
London,United Kingdom,34.0,7.5,14.6,10.0,70.0,0.8,206.0,51.5,-0.10000038,Europe/London,2026-09-18 14:00:00,Good,False,False,2026-09-18
London,United Kingdom,35.0,7.3,15.2,10.2,68.0,0.7,205.0,51.5,-0.10000038,Europe/London,2026-09-18 15:00:00,Good,False,False,2026-09-18
London,United Kingdom,36.0,7.6,15.6,10.6,68.0,0.7,198.0,51.5,-0.10000038,Europe/London,2026-09-18 16:00:00,Good,False,False,2026-09-18
London,United Kingdom,37.0,8.0,15.1,12.2,66.0,0.7,199.0,51.5,-0.10000038,Europe/London,2026-09-18 17:00:00,Good,False,False,2026-09-18
London,United Kingdom,38.0,8.2,15.8,12.8,65.0,0.7,201.0,51.5,-0.10000038,Europe/London,2026-09-18 18:00:00,Good,False,False,2026-09-18
London,United Kingdom,39.0,8.7,15.7,14.9,61.0,0.8,210.0,51.5,-0.10000038,Europe/London,2026-09-18 19:00:00,Good,False,False,2026-09-18
London,United Kingdom,40.0,8.4,15.9,18.1,61.0,0.9,206.0,51.5,-0.10000038,Europe/London,2026-09-18 20:00:00,Good,False,False,2026-09-18
London,United Kingdom,41.0,7.9,15.1,15.0,60.0,0.9,199.0,51.5,-0.10000038,Europe/London,2026-09-18 21:00:00,Good,False,False,2026-09-18
London,United Kingdom,41.0,7.5,16.3,12.8,61.0,0.9,194.0,51.5,-0.10000038,Europe/London,2026-09-18 22:00:00,Good,False,False,2026-09-18
London,United Kingdom,42.0,7.3,16.5,11.5,63.0,0.8,190.0,51.5,-0.10000038,Europe/London,2026-09-18 23:00:00,Good,False,False,2026-09-18
London,United Kingdom,42.0,6.6,14.7,10.1,63.0,0.6,188.0,51.5,-0.10000038,Europe/London,2026-09-19 00:00:00,Good,False,False,2026-09-19
London,United Kingdom,42.0,6.3,14.3,7.9,63.0,0.5,184.0,51.5,-0.10000038,Europe/London,2026-09-19 01:00:00,Good,False,False,2026-09-19
London,United Kingdom,42.0,5.9,13.2,6.4,63.0,0.4,182.0,51.5,-0.10000038,Europe/London,2026-09-19 02:00:00,Good,False,False,2026-09-19
London,United Kingdom,42.0,5.3,9.7,5.5,63.0,0.3,180.0,51.5,-0.10000038,Europe/London,2026-09-19 03:00:00,Good,False,False,2026-09-19
London,United Kingdom,42.0,4.9,9.5,4.9,62.0,0.3,174.0,51.5,-0.10000038,Europe/London,2026-09-19 04:00:00,Good,False,False,2026-09-19
London,United Kingdom,42.0,4.7,9.9,4.8,60.0,0.3,172.0,51.5,-0.10000038,Europe/London,2026-09-19 05:00:00,Good,False,False,2026-09-19
London,United Kingdom,41.0,4.7,9.5,5.3,58.0,0.4,171.0,51.5,-0.10000038,Europe/London,2026-09-19 06:00:00,Good,False,False,2026-09-19
London,United Kingdom,40.0,4.9,10.5,6.7,56.0,0.5,170.0,51.5,-0.10000038,Europe/London,2026-09-19 07:00:00,Good,False,False,2026-09-19
London,United Kingdom,39.0,5.3,9.6,8.0,56.0,0.6,181.0,51.5,-0.10000038,Europe/London,2026-09-19 08:00:00,Good,False,False,2026-09-19
London,United Kingdom,38.0,5.2,9.1,8.3,57.0,0.7,173.0,51.5,-0.10000038,Europe/London,2026-09-19 09:00:00,Good,False,False,2026-09-19
London,United Kingdom,38.0,5.0,9.3,7.4,58.0,0.6,174.0,51.5,-0.10000038,Europe/London,2026-09-19 10:00:00,Good,False,False,2026-09-19
London,United Kingdom,37.0,5.2,10.0,7.2,64.0,0.5,169.0,51.5,-0.10000038,Europe/London,2026-09-19 11:00:00,Good,False,False,2026-09-19
London,United Kingdom,36.0,5.0,10.1,7.1,65.0,0.5,167.0,51.5,-0.10000038,Europe/London,2026-09-19 12:00:00,Good,False,False,2026-09-19
London,United Kingdom,36.0,5.0,10.0,7.5,66.0,0.5,165.0,51.5,-0.10000038,Europe/London,2026-09-19 13:00:00,Good,False,False,2026-09-19
London,United Kingdom,35.0,5.2,10.3,8.3,65.0,0.5,167.0,51.5,-0.10000038,Europe/London,2026-09-19 14:00:00,Good,False,False,2026-09-19
London,United Kingdom,35.0,5.6,11.3,8.5,66.0,0.5,169.0,51.5,-0.10000038,Europe/London,2026-09-19 15:00:00,Good,False,False,2026-09-19
London,United Kingdom,34.0,5.5,11.1,8.5,66.0,0.5,169.0,51.5,-0.10000038,Europe/London,2026-09-19 16:00:00,Good,False,False,2026-09-19
London,United Kingdom,34.0,5.7,10.6,10.5,65.0,0.5,171.0,51.5,-0.10000038,Europe/London,2026-09-19 17:00:00,Good,False,False,2026-09-19
London,United Kingdom,33.0,5.9,10.4,12.1,64.0,0.6,174.0,51.5,-0.10000038,Europe/London,2026-09-19 18:00:00,Good,False,False,2026-09-19
London,United Kingdom,33.0,5.9,10.8,12.2,62.0,0.6,172.0,51.5,-0.10000038,Europe/London,2026-09-19 19:00:00,Good,False,False,2026-09-19
London,United Kingdom,32.0,5.9,10.6,11.3,62.0,0.6,168.0,51.5,-0.10000038,Europe/London,2026-09-19 20:00:00,Good,False,False,2026-09-19
London,United Kingdom,32.0,5.8,10.5,10.9,60.0,0.7,169.0,51.5,-0.10000038,Europe/London,2026-09-19 21:00:00,Good,False,False,2026-09-19
London,United Kingdom,31.0,5.8,10.2,11.1,58.0,0.6,169.0,51.5,-0.10000038,Europe/London,2026-09-19 22:00:00,Good,False,False,2026-09-19
London,United Kingdom,31.0,5.6,9.2,11.1,56.0,0.6,169.0,51.5,-0.10000038,Europe/London,2026-09-19 23:00:00,Good,False,False,2026-09-19
London,United Kingdom,30.0,5.3,8.5,11.0,53.0,0.5,168.0,51.5,-0.10000038,Europe/London,2026-09-20 00:00:00,Good,False,False,2026-09-20
London,United Kingdom,30.0,4.6,7.8,9.6,52.0,0.4,168.0,51.5,-0.10000038,Europe/London,2026-09-20 01:00:00,Good,False,False,2026-09-20
London,United Kingdom,30.0,4.4,7.4,7.3,55.0,0.4,161.0,51.5,-0.10000038,Europe/London,2026-09-20 02:00:00,Good,False,False,2026-09-20
London,United Kingdom,29.0,4.0,8.1,6.0,58.0,0.4,163.0,51.5,-0.10000038,Europe/London,2026-09-20 03:00:00,Good,False,False,2026-09-20
London,United Kingdom,29.0,3.8,9.1,5.5,59.0,0.5,164.0,51.5,-0.10000038,Europe/London,2026-09-20 04:00:00,Good,False,False,2026-09-20
London,United Kingdom,29.0,4.1,10.0,5.8,59.0,0.6,172.0,51.5,-0.10000038,Europe/London,2026-09-20 05:00:00,Good,False,False,2026-09-20
London,United Kingdom,29.0,4.9,10.7,7.0,57.0,0.7,184.0,51.5,-0.10000038,Europe/London,2026-09-20 06:00:00,Good,False,False,2026-09-20
London,United Kingdom,29.0,5.3,11.6,8.3,53.0,0.9,189.0,51.5,-0.10000038,Europe/London,2026-09-20 07:00:00,Good,False,False,2026-09-20
London,United Kingdom,29.0,5.5,12.5,9.0,54.0,1.0,203.0,51.5,-0.10000038,Europe/London,2026-09-20 08:00:00,Good,False,False,2026-09-20
London,United Kingdom,29.0,5.6,12.9,6.4,59.0,0.8,198.0,51.5,-0.10000038,Europe/London,2026-09-20 09:00:00,Good,False,False,2026-09-20
London,United Kingdom,29.0,5.0,12.2,4.6,64.0,0.6,194.0,51.5,-0.10000038,Europe/London,2026-09-20 10:00:00,Good,False,False,2026-09-20
London,United Kingdom,29.0,4.3,11.1,4.5,70.0,0.5,193.0,51.5,-0.10000038,Europe/London,2026-09-20 11:00:00,Good,False,False,2026-09-20
London,United Kingdom,29.0,4.2,10.9,4.6,72.0,0.5,194.0,51.5,-0.10000038,Europe/London,2026-09-20 12:00:00,Good,False,False,2026-09-20
London,United Kingdom,28.0,4.2,11.9,4.8,75.0,0.5,196.0,51.5,-0.10000038,Europe/London,2026-09-20 13:00:00,Good,False,False,2026-09-20
London,United Kingdom,29.0,4.2,11.2,5.4,75.0,0.6,198.0,51.5,-0.10000038,Europe/London,2026-09-20 14:00:00,Good,False,False,2026-09-20
London,United Kingdom,30.0,4.4,10.9,5.8,77.0,0.6,199.0,51.5,-0.10000038,Europe/London,2026-09-20 15:00:00,Good,False,False,2026-09-20
London,United Kingdom,32.0,4.7,10.1,6.1,78.0,0.6,200.0,51.5,-0.10000038,Europe/London,2026-09-20 16:00:00,Good,False,False,2026-09-20
London,United Kingdom,33.0,4.9,10.4,8.2,74.0,0.7,201.0,51.5,-0.10000038,Europe/London,2026-09-20 17:00:00,Good,False,False,2026-09-20
London,United Kingdom,34.0,5.4,10.6,9.8,70.0,0.8,209.0,51.5,-0.10000038,Europe/London,2026-09-20 18:00:00,Good,False,False,2026-09-20
London,United Kingdom,34.0,5.5,10.9,13.4,66.0,1.0,211.0,51.5,-0.10000038,Europe/London,2026-09-20 19:00:00,Good,False,False,2026-09-20
London,United Kingdom,34.0,6.4,12.6,24.1,49.0,1.5,217.0,51.5,-0.10000038,Europe/London,2026-09-20 20:00:00,Good,False,False,2026-09-20
London,United Kingdom,33.0,7.4,15.5,34.4,36.0,1.8,232.0,51.5,-0.10000038,Europe/London,2026-09-20 21:00:00,Good,False,False,2026-09-20
London,United Kingdom,30.0,7.6,16.8,34.4,31.0,1.9,238.0,51.5,-0.10000038,Europe/London,2026-09-20 22:00:00,Good,False,False,2026-09-20
London,United Kingdom,28.0,7.5,16.8,32.0,25.0,1.8,232.0,51.5,-0.10000038,Europe/London,2026-09-20 23:00:00,Good,False,False,2026-09-20
London,United Kingdom,29.0,7.6,16.0,28.6,34.0,1.5,227.0,51.5,-0.10000038,Europe/London,2026-09-21 00:00:00,Good,False,False,2026-09-21
London,United Kingdom,29.0,8.4,15.5,26.2,34.0,1.4,231.0,51.5,-0.10000038,Europe/London,2026-09-21 01:00:00,Good,False,False,2026-09-21
London,United Kingdom,30.0,9.0,16.0,27.2,28.0,1.5,228.0,51.5,-0.10000038,Europe/London,2026-09-21 02:00:00,Good,False,False,2026-09-21
London,United Kingdom,31.0,8.9,16.6,26.4,27.0,1.6,223.0,51.5,-0.10000038,Europe/London,2026-09-21 03:00:00,Good,False,False,2026-09-21
London,United Kingdom,32.0,8.8,15.6,22.2,29.0,1.8,219.0,51.5,-0.10000038,Europe/London,2026-09-21 04:00:00,Good,False,False,2026-09-21
London,United Kingdom,33.0,9.5,16.4,22.0,29.0,1.9,221.0,51.5,-0.10000038,Europe/London,2026-09-21 05:00:00,Good,False,False,2026-09-21
London,United Kingdom,35.0,9.8,17.1,26.3,19.0,2.1,226.0,51.5,-0.10000038,Europe/London,2026-09-21 06:00:00,Good,False,False,2026-09-21
London,United Kingdom,36.0,10.7,19.8,33.2,15.0,2.7,248.0,51.5,-0.10000038,Europe/London,2026-09-21 07:00:00,Good,False,False,2026-09-21
London,United Kingdom,37.0,12.7,21.4,41.6,13.0,3.7,283.0,51.5,-0.10000038,Europe/London,2026-09-21 08:00:00,Good,False,False,2026-09-21
London,United Kingdom,39.0,12.3,21.6,38.9,25.0,3.0,270.0,51.5,-0.10000038,Europe/London,2026-09-21 09:00:00,Good,False,False,2026-09-21
London,United Kingdom,40.0,10.9,18.9,35.1,38.0,3.1,269.0,51.5,-0.10000038,Europe/London,2026-09-21 10:00:00,Good,False,False,2026-09-21
London,United Kingdom,42.0,8.5,16.7,30.0,47.0,2.3,254.0,51.5,-0.10000038,Europe/London,2026-09-21 11:00:00,Good,False,False,2026-09-21
London,United Kingdom,42.0,8.3,15.9,23.2,50.0,2.3,241.0,51.5,-0.10000038,Europe/London,2026-09-21 12:00:00,Good,False,False,2026-09-21
London,United Kingdom,43.0,7.0,15.4,18.7,58.0,1.7,229.0,51.5,-0.10000038,Europe/London,2026-09-21 13:00:00,Good,False,False,2026-09-21
London,United Kingdom,44.0,6.5,14.6,14.5,67.0,1.3,224.0,51.5,-0.10000038,Europe/London,2026-09-21 14:00:00,Good,False,False,2026-09-21
London,United Kingdom,45.0,5.9,14.9,15.1,70.0,1.2,220.0,51.5,-0.10000038,Europe/London,2026-09-21 15:00:00,Good,False,False,2026-09-21
London,United Kingdom,45.0,5.5,15.3,16.6,71.0,1.3,216.0,51.5,-0.10000038,Europe/London,2026-09-21 16:00:00,Good,False,False,2026-09-21
London,United Kingdom,45.0,5.6,15.8,22.2,65.0,1.5,222.0,51.5,-0.10000038,Europe/London,2026-09-21 17:00:00,Good,False,False,2026-09-21
London,United Kingdom,45.0,6.4,17.6,28.3,55.0,1.6,234.0,51.5,-0.10000038,Europe/London,2026-09-21 18:00:00,Good,False,False,2026-09-21
London,United Kingdom,46.0,8.1,17.4,41.5,50.0,1.8,241.0,51.5,-0.10000038,Europe/London,2026-09-21 19:00:00,Good,False,False,2026-09-21
London,United Kingdom,46.0,8.2,18.5,55.8,15.0,2.7,253.0,51.5,-0.10000038,Europe/London,2026-09-21 20:00:00,Good,False,False,2026-09-21
London,United Kingdom,47.0,8.9,18.1,53.5,13.0,2.7,262.0,51.5,-0.10000038,Europe/London,2026-09-21 21:00:00,Good,False,False,2026-09-21
London,United Kingdom,47.0,10.2,20.9,60.3,16.0,3.0,274.0,51.5,-0.10000038,Europe/London,2026-09-21 22:00:00,Good,False,False,2026-09-21
London,United Kingdom,47.0,14.1,23.1,56.4,8.5,3.8,265.0,51.5,-0.10000038,Europe/London,2026-09-21 23:00:00,Good,False,False,2026-09-21
London,United Kingdom,49.0,16.5,22.3,49.4,6.0,4.5,250.5,51.5,-0.10000038,Europe/London,2026-09-22 00:00:00,Good,False,False,2026-09-22
London,United Kingdom,50.0,18.0,21.5,42.3,6.3,4.9,243.6,51.5,-0.10000038,Europe/London,2026-09-22 01:00:00,Good,False,False,2026-09-22
London,United Kingdom,51.0,18.7,20.0,39.0,5.0,5.4,252.0,51.5,-0.10000038,Europe/London,2026-09-22 02:00:00,Moderate,False,False,2026-09-22
London,United Kingdom,52.0,17.5,18.7,38.0,4.0,5.0,264.0,51.5,-0.10000038,Europe/London,2026-09-22 03:00:00,Moderate,False,False,2026-09-22
London,United Kingdom,53.0,15.9,17.3,37.2,4.0,4.8,277.0,51.5,-0.10000038,Europe/London,2026-09-22 04:00:00,Moderate,False,False,2026-09-22
London,United Kingdom,53.0,14.6,15.9,37.0,3.0,5.0,285.0,51.5,-0.10000038,Europe/London,2026-09-22 05:00:00,Moderate,False,False,2026-09-22
London,United Kingdom,54.0,13.9,15.3,37.1,2.0,5.3,294.0,51.5,-0.10000038,Europe/London,2026-09-22 06:00:00,Moderate,False,False,2026-09-22
London,United Kingdom,54.0,14.5,15.9,35.9,3.0,5.4,293.0,51.5,-0.10000038,Europe/London,2026-09-22 07:00:00,Moderate,False,False,2026-09-22
London,United Kingdom,54.0,18.2,19.4,32.6,8.0,5.2,274.0,51.5,-0.10000038,Europe/London,2026-09-22 08:00:00,Moderate,False,False,2026-09-22
London,United Kingdom,55.0,16.9,18.3,28.1,16.0,4.8,244.0,51.5,-0.10000038,Europe/London,2026-09-22 09:00:00,Moderate,False,False,2026-09-22
London,United Kingdom,55.0,11.8,14.0,23.6,25.0,4.3,218.0,51.5,-0.10000038,Europe/London,2026-09-22 10:00:00,Moderate,False,False,2026-09-22
London,United Kingdom,55.0,9.3,11.9,19.0,36.0,3.8,200.0,51.5,-0.10000038,Europe/London,2026-09-22 11:00:00,Moderate,False,False,2026-09-22
London,United Kingdom,55.0,9.3,12.2,14.4,47.0,3.2,185.0,51.5,-0.10000038,Europe/London,2026-09-22 12:00:00,Moderate,False,False,2026-09-22
London,United Kingdom,55.0,9.3,12.0,11.2,57.0,2.8,175.0,51.5,-0.10000038,Europe/London,2026-09-22 13:00:00,Moderate,False,False,2026-09-22
London,United Kingdom,55.0,9.2,11.6,9.4,66.0,2.6,170.0,51.5,-0.10000038,Europe/London,2026-09-22 14:00:00,Moderate,False,False,2026-09-22
London,United Kingdom,56.0,8.9,11.1,9.0,72.0,2.4,169.0,51.5,-0.10000038,Europe/London,2026-09-22 15:00:00,Moderate,False,False,2026-09-22
London,United Kingdom,56.0,8.9,11.0,11.8,73.0,2.5,173.0,51.5,-0.10000038,Europe/London,2026-09-22 16:00:00,Moderate,False,False,2026-09-22
London,United Kingdom,56.0,9.1,11.1,20.3,63.0,2.8,184.0,51.5,-0.10000038,Europe/London,2026-09-22 17:00:00,Moderate,False,False,2026-09-22
London,United Kingdom,56.0,10.3,12.3,32.0,46.0,3.2,200.0,51.5,-0.10000038,Europe/London,2026-09-22 18:00:00,Moderate,False,False,2026-09-22
London,United Kingdom,57.0,14.8,17.1,41.6,32.0,3.7,215.0,51.5,-0.10000038,Europe/London,2026-09-22 19:00:00,Moderate,False,False,2026-09-22
London,United Kingdom,57.0,16.7,19.3,46.9,24.0,4.3,226.0,51.5,-0.10000038,Europe/London,2026-09-22 20:00:00,Moderate,False,False,2026-09-22
London,United Kingdom,58.0,17.6,20.4,50.0,17.0,4.9,236.0,51.5,-0.10000038,Europe/London,2026-09-22 21:00:00,Moderate,False,False,2026-09-22
London,United Kingdom,58.0,18.7,20.9,52.0,13.0,5.3,245.0,51.5,-0.10000038,Europe/London,2026-09-22 22:00:00,Moderate,False,False,2026-09-22
London,United Kingdom,59.0,22.6,24.0,52.9,10.0,5.3,252.0,51.5,-0.10000038,Europe/London,2026-09-22 23:00:00,Moderate,False,False,2026-09-22
Mumbai,India,51.0,8.4,12.3,12.3,27.0,9.9,326.0,19.099998,72.90001,Asia/Kolkata,2026-09-16 00:00:00,Moderate,False,False,2026-09-16
Mumbai,India,51.0,8.0,11.8,11.4,28.0,9.5,233.0,19.099998,72.90001,Asia/Kolkata,2026-09-16 01:00:00,Moderate,False,False,2026-09-16
Mumbai,India,51.0,7.7,11.3,10.8,28.0,9.3,164.0,19.099998,72.90001,Asia/Kolkata,2026-09-16 02:00:00,Moderate,False,False,2026-09-16
Mumbai,India,51.0,7.5,11.1,10.5,28.0,9.1,140.0,19.099998,72.90001,Asia/Kolkata,2026-09-16 03:00:00,Moderate,False,False,2026-09-16
Mumbai,India,51.0,7.3,10.9,10.3,28.0,9.1,139.0,19.099998,72.90001,Asia/Kolkata,2026-09-16 04:00:00,Moderate,False,False,2026-09-16
Mumbai,India,51.0,6.4,9.7,9.3,29.0,8.5,157.0,19.099998,72.90001,Asia/Kolkata,2026-09-16 05:00:00,Moderate,False,False,2026-09-16
Mumbai,India,50.0,6.6,9.8,9.9,30.0,9.7,206.0,19.099998,72.90001,Asia/Kolkata,2026-09-16 06:00:00,Good,False,False,2026-09-16
Mumbai,India,50.0,7.8,11.0,10.6,31.0,11.3,274.0,19.099998,72.90001,Asia/Kolkata,2026-09-16 07:00:00,Good,False,False,2026-09-16
Mumbai,India,50.0,8.8,12.0,10.7,37.0,12.4,313.0,19.099998,72.90001,Asia/Kolkata,2026-09-16 08:00:00,Good,False,False,2026-09-16
Mumbai,India,50.0,9.5,13.0,9.6,50.0,12.7,296.0,19.099998,72.90001,Asia/Kolkata,2026-09-16 09:00:00,Good,False,False,2026-09-16
Mumbai,India,50.0,10.6,14.3,7.9,66.0,12.6,252.0,19.099998,72.90001,Asia/Kolkata,2026-09-16 10:00:00,Good,False,False,2026-09-16
Mumbai,India,50.0,11.8,15.8,6.6,80.0,12.3,217.0,19.099998,72.90001,Asia/Kolkata,2026-09-16 11:00:00,Good,False,False,2026-09-16
Mumbai,India,50.0,12.2,16.3,6.1,90.0,11.9,204.0,19.099998,72.90001,Asia/Kolkata,2026-09-16 12:00:00,Good,False,False,2026-09-16
Mumbai,India,50.0,13.2,17.6,6.1,96.0,11.3,200.0,19.099998,72.90001,Asia/Kolkata,2026-09-16 13:00:00,Good,False,False,2026-09-16
Mumbai,India,50.0,13.2,17.4,6.7,98.0,10.5,207.0,19.099998,72.90001,Asia/Kolkata,2026-09-16 14:00:00,Good,False,False,2026-09-16
Mumbai,India,50.0,12.0,15.6,8.1,92.0,9.4,203.0,19.099998,72.90001,Asia/Kolkata,2026-09-16 15:00:00,Good,False,False,2026-09-16
Mumbai,India,50.0,11.5,15.0,10.1,80.0,8.1,211.0,19.099998,72.90001,Asia/Kolkata,2026-09-16 16:00:00,Good,False,False,2026-09-16
Mumbai,India,50.0,14.7,22.2,10.9,82.0,7.1,298.0,19.099998,72.90001,Asia/Kolkata,2026-09-16 17:00:00,Good,False,False,2026-09-16
Mumbai,India,51.0,15.2,22.9,13.3,75.0,7.7,546.0,19.099998,72.90001,Asia/Kolkata,2026-09-16 18:00:00,Moderate,False,False,2026-09-16
Mumbai,India,52.0,16.1,24.2,16.6,64.0,8.6,873.0,19.099998,72.90001,Asia/Kolkata,2026-09-16 19:00:00,Moderate,False,False,2026-09-16
Mumbai,India,52.0,17.4,25.5,18.8,56.0,9.3,1110.0,19.099998,72.90001,Asia/Kolkata,2026-09-16 20:00:00,Moderate,False,False,2026-09-16
Mumbai,India,53.0,17.9,25.9,19.0,52.0,9.7,1197.0,19.099998,72.90001,Asia/Kolkata,2026-09-16 21:00:00,Moderate,False,False,2026-09-16
Mumbai,India,54.0,18.3,26.2,18.0,50.0,9.9,1192.0,19.099998,72.90001,Asia/Kolkata,2026-09-16 22:00:00,Moderate,False,False,2026-09-16
Mumbai,India,54.0,18.1,26.0,17.0,49.0,9.8,1105.0,19.099998,72.90001,Asia/Kolkata,2026-09-16 23:00:00,Moderate,False,False,2026-09-16
Mumbai,India,55.0,17.9,25.6,16.0,47.0,9.2,885.0,19.099998,72.90001,Asia/Kolkata,2026-09-17 00:00:00,Moderate,False,False,2026-09-17
Mumbai,India,56.0,16.9,24.3,14.8,46.0,8.3,583.0,19.099998,72.90001,Asia/Kolkata,2026-09-17 01:00:00,Moderate,False,False,2026-09-17
Mumbai,India,56.0,15.7,22.6,14.0,45.0,8.0,352.0,19.099998,72.90001,Asia/Kolkata,2026-09-17 02:00:00,Moderate,False,False,2026-09-17
Mumbai,India,57.0,15.0,21.7,13.8,43.0,8.4,259.0,19.099998,72.90001,Asia/Kolkata,2026-09-17 03:00:00,Moderate,False,False,2026-09-17
Mumbai,India,58.0,14.8,21.3,14.0,41.0,9.3,238.0,19.099998,72.90001,Asia/Kolkata,2026-09-17 04:00:00,Moderate,False,False,2026-09-17
Mumbai,India,58.0,12.7,18.1,12.7,40.0,9.7,245.0,19.099998,72.90001,Asia/Kolkata,2026-09-17 05:00:00,Moderate,False,False,2026-09-17
Mumbai,India,59.0,12.9,18.3,14.2,39.0,12.3,288.0,19.099998,72.90001,Asia/Kolkata,2026-09-17 06:00:00,Moderate,False,False,2026-09-17
Mumbai,India,59.0,14.0,19.4,16.3,39.0,15.9,360.0,19.099998,72.90001,Asia/Kolkata,2026-09-17 07:00:00,Moderate,False,False,2026-09-17
Mumbai,India,60.0,15.5,21.0,17.0,43.0,18.4,396.0,19.099998,72.90001,Asia/Kolkata,2026-09-17 08:00:00,Moderate,False,False,2026-09-17
Mumbai,India,60.0,15.2,20.7,15.3,56.0,19.0,358.0,19.099998,72.90001,Asia/Kolkata,2026-09-17 09:00:00,Moderate,False,False,2026-09-17
Mumbai,India,61.0,15.0,20.3,12.4,73.0,18.5,283.0,19.099998,72.90001,Asia/Kolkata,2026-09-17 10:00:00,Moderate,False,False,2026-09-17
Mumbai,India,61.0,16.4,22.4,9.8,88.0,17.7,222.0,19.099998,72.90001,Asia/Kolkata,2026-09-17 11:00:00,Moderate,False,False,2026-09-17
Mumbai,India,61.0,18.8,26.0,8.0,100.0,16.6,191.0,19.099998,72.90001,Asia/Kolkata,2026-09-17 12:00:00,Moderate,False,False,2026-09-17
Mumbai,India,62.0,20.3,28.8,6.5,109.0,15.1,172.0,19.099998,72.90001,Asia/Kolkata,2026-09-17 13:00:00,Moderate,False,False,2026-09-17
Mumbai,India,63.0,20.5,30.2,6.1,112.0,13.9,166.0,19.099998,72.90001,Asia/Kolkata,2026-09-17 14:00:00,Moderate,False,False,2026-09-17
Mumbai,India,63.0,19.3,29.2,7.4,104.0,13.3,171.0,19.099998,72.90001,Asia/Kolkata,2026-09-17 15:00:00,Moderate,False,False,2026-09-17
Mumbai,India,64.0,19.7,30.2,9.8,88.0,13.0,188.0,19.099998,72.90001,Asia/Kolkata,2026-09-17 16:00:00,Moderate,False,False,2026-09-17
Mumbai,India,64.0,11.0,18.1,9.4,57.0,8.1,220.0,19.099998,72.90001,Asia/Kolkata,2026-09-17 17:00:00,Moderate,False,False,2026-09-17
Mumbai,India,64.0,10.6,17.3,10.9,50.0,8.4,280.0,19.099998,72.90001,Asia/Kolkata,2026-09-17 18:00:00,Moderate,False,False,2026-09-17
Mumbai,India,64.0,10.7,17.2,13.0,41.0,8.9,355.0,19.099998,72.90001,Asia/Kolkata,2026-09-17 19:00:00,Moderate,False,False,2026-09-17
Mumbai,India,63.0,10.9,16.9,14.4,34.0,9.3,405.0,19.099998,72.90001,Asia/Kolkata,2026-09-17 20:00:00,Moderate,False,False,2026-09-17
Mumbai,India,63.0,11.0,16.9,14.4,31.0,9.5,411.0,19.099998,72.90001,Asia/Kolkata,2026-09-17 21:00:00,Moderate,False,False,2026-09-17
Mumbai,India,62.0,11.1,16.6,13.7,31.0,9.6,392.0,19.099998,72.90001,Asia/Kolkata,2026-09-17 22:00:00,Moderate,False,False,2026-09-17
Mumbai,India,62.0,11.0,16.2,12.9,31.0,9.6,361.0,19.099998,72.90001,Asia/Kolkata,2026-09-17 23:00:00,Moderate,False,False,2026-09-17
Mumbai,India,61.0,10.0,14.8,12.0,31.0,9.4,315.0,19.099998,72.90001,Asia/Kolkata,2026-09-18 00:00:00,Moderate,False,False,2026-09-18
Mumbai,India,60.0,9.4,14.3,11.1,32.0,9.1,257.0,19.099998,72.90001,Asia/Kolkata,2026-09-18 01:00:00,Moderate,False,False,2026-09-18
Mumbai,India,60.0,9.4,14.4,10.3,32.0,8.9,212.0,19.099998,72.90001,Asia/Kolkata,2026-09-18 02:00:00,Moderate,False,False,2026-09-18
Mumbai,India,59.0,9.0,14.1,9.9,32.0,8.9,186.0,19.099998,72.90001,Asia/Kolkata,2026-09-18 03:00:00,Moderate,False,False,2026-09-18
Mumbai,India,59.0,8.2,13.0,9.7,33.0,9.1,173.0,19.099998,72.90001,Asia/Kolkata,2026-09-18 04:00:00,Moderate,False,False,2026-09-18
Mumbai,India,58.0,8.4,14.0,6.3,40.0,5.2,176.0,19.099998,72.90001,Asia/Kolkata,2026-09-18 05:00:00,Moderate,False,False,2026-09-18
Mumbai,India,58.0,9.2,15.4,7.5,41.0,6.2,212.0,19.099998,72.90001,Asia/Kolkata,2026-09-18 06:00:00,Moderate,False,False,2026-09-18
Mumbai,India,58.0,10.4,16.7,9.1,43.0,7.5,265.0,19.099998,72.90001,Asia/Kolkata,2026-09-18 07:00:00,Moderate,False,False,2026-09-18
Mumbai,India,57.0,11.9,18.6,9.9,51.0,8.7,290.0,19.099998,72.90001,Asia/Kolkata,2026-09-18 08:00:00,Moderate,False,False,2026-09-18
Mumbai,India,57.0,13.9,21.1,9.1,71.0,9.7,259.0,19.099998,72.90001,Asia/Kolkata,2026-09-18 09:00:00,Moderate,False,False,2026-09-18
Mumbai,India,57.0,15.2,22.9,7.5,96.0,10.4,200.0,19.099998,72.90001,Asia/Kolkata,2026-09-18 10:00:00,Moderate,False,False,2026-09-18
Mumbai,India,57.0,18.6,27.4,6.3,115.0,10.7,158.0,19.099998,72.90001,Asia/Kolkata,2026-09-18 11:00:00,Moderate,False,False,2026-09-18
Mumbai,India,57.0,19.3,28.0,5.7,122.0,10.1,152.0,19.099998,72.90001,Asia/Kolkata,2026-09-18 12:00:00,Moderate,False,False,2026-09-18
Mumbai,India,57.0,18.5,27.5,5.5,122.0,8.9,162.0,19.099998,72.90001,Asia/Kolkata,2026-09-18 13:00:00,Moderate,False,False,2026-09-18
Mumbai,India,57.0,18.1,27.0,5.8,116.0,7.9,177.0,19.099998,72.90001,Asia/Kolkata,2026-09-18 14:00:00,Moderate,False,False,2026-09-18
Mumbai,India,57.0,16.5,25.4,6.8,102.0,7.3,185.0,19.099998,72.90001,Asia/Kolkata,2026-09-18 15:00:00,Moderate,False,False,2026-09-18
Mumbai,India,57.0,14.7,23.4,8.4,82.0,6.8,198.0,19.099998,72.90001,Asia/Kolkata,2026-09-18 16:00:00,Moderate,False,False,2026-09-18
Mumbai,India,56.0,12.6,19.8,9.9,65.0,6.5,238.0,19.099998,72.90001,Asia/Kolkata,2026-09-18 17:00:00,Moderate,False,False,2026-09-18
Mumbai,India,56.0,12.0,18.6,11.5,52.0,6.5,328.0,19.099998,72.90001,Asia/Kolkata,2026-09-18 18:00:00,Moderate,False,False,2026-09-18
Mumbai,India,57.0,11.3,17.2,13.0,42.0,6.8,446.0,19.099998,72.90001,Asia/Kolkata,2026-09-18 19:00:00,Moderate,False,False,2026-09-18
Mumbai,India,57.0,10.9,16.5,13.9,35.0,7.0,543.0,19.099998,72.90001,Asia/Kolkata,2026-09-18 20:00:00,Moderate,False,False,2026-09-18
Mumbai,India,57.0,10.7,15.9,13.7,33.0,7.1,612.0,19.099998,72.90001,Asia/Kolkata,2026-09-18 21:00:00,Moderate,False,False,2026-09-18
Mumbai,India,57.0,11.1,16.4,12.9,34.0,7.2,661.0,19.099998,72.90001,Asia/Kolkata,2026-09-18 22:00:00,Moderate,False,False,2026-09-18
Mumbai,India,57.0,11.1,16.8,11.9,36.0,7.1,664.0,19.099998,72.90001,Asia/Kolkata,2026-09-18 23:00:00,Moderate,False,False,2026-09-18
Mumbai,India,57.0,10.9,16.9,10.9,38.0,6.7,589.0,19.099998,72.90001,Asia/Kolkata,2026-09-19 00:00:00,Moderate,False,False,2026-09-19
Mumbai,India,57.0,10.6,16.9,9.7,40.0,6.2,467.0,19.099998,72.90001,Asia/Kolkata,2026-09-19 01:00:00,Moderate,False,False,2026-09-19
Mumbai,India,57.0,10.3,17.2,8.8,42.0,5.9,371.0,19.099998,72.90001,Asia/Kolkata,2026-09-19 02:00:00,Moderate,False,False,2026-09-19
Mumbai,India,57.0,10.5,18.2,8.2,44.0,5.8,324.0,19.099998,72.90001,Asia/Kolkata,2026-09-19 03:00:00,Moderate,False,False,2026-09-19
Mumbai,India,57.0,10.5,18.4,8.0,45.0,5.8,303.0,19.099998,72.90001,Asia/Kolkata,2026-09-19 04:00:00,Moderate,False,False,2026-09-19
Mumbai,India,57.0,10.0,17.8,8.2,47.0,6.3,304.0,19.099998,72.90001,Asia/Kolkata,2026-09-19 05:00:00,Moderate,False,False,2026-09-19
Mumbai,India,57.0,10.4,18.6,9.6,47.0,7.7,346.0,19.099998,72.90001,Asia/Kolkata,2026-09-19 06:00:00,Moderate,False,False,2026-09-19
Mumbai,India,57.0,11.8,20.1,11.6,48.0,9.5,410.0,19.099998,72.90001,Asia/Kolkata,2026-09-19 07:00:00,Moderate,False,False,2026-09-19
Mumbai,India,58.0,13.2,22.2,12.4,55.0,10.8,438.0,19.099998,72.90001,Asia/Kolkata,2026-09-19 08:00:00,Moderate,False,False,2026-09-19
Mumbai,India,58.0,14.5,24.6,11.0,73.0,11.1,394.0,19.099998,72.90001,Asia/Kolkata,2026-09-19 09:00:00,Moderate,False,False,2026-09-19
Mumbai,India,58.0,16.2,27.2,8.5,97.0,10.9,315.0,19.099998,72.90001,Asia/Kolkata,2026-09-19 10:00:00,Moderate,False,False,2026-09-19
Mumbai,India,58.0,18.2,30.5,6.5,116.0,10.4,252.0,19.099998,72.90001,Asia/Kolkata,2026-09-19 11:00:00,Moderate,False,False,2026-09-19
Mumbai,India,58.0,19.1,31.7,5.6,126.0,9.6,223.0,19.099998,72.90001,Asia/Kolkata,2026-09-19 12:00:00,Moderate,False,False,2026-09-19
Mumbai,India,58.0,19.7,33.5,5.3,131.0,8.5,210.0,19.099998,72.90001,Asia/Kolkata,2026-09-19 13:00:00,Moderate,False,False,2026-09-19
Mumbai,India,58.0,18.9,34.5,5.5,128.0,7.5,207.0,19.099998,72.90001,Asia/Kolkata,2026-09-19 14:00:00,Moderate,False,False,2026-09-19
Mumbai,India,58.0,17.9,36.0,6.3,114.0,6.4,195.0,19.099998,72.90001,Asia/Kolkata,2026-09-19 15:00:00,Moderate,False,False,2026-09-19
Mumbai,India,58.0,17.4,38.8,7.7,92.0,5.4,194.0,19.099998,72.90001,Asia/Kolkata,2026-09-19 16:00:00,Moderate,False,False,2026-09-19
Mumbai,India,58.0,16.5,40.3,9.3,73.0,4.9,253.0,19.099998,72.90001,Asia/Kolkata,2026-09-19 17:00:00,Moderate,False,False,2026-09-19
Mumbai,India,58.0,16.6,42.1,11.2,61.0,5.2,421.0,19.099998,72.90001,Asia/Kolkata,2026-09-19 18:00:00,Moderate,False,False,2026-09-19
Mumbai,India,59.0,17.9,45.6,13.2,51.0,5.9,649.0,19.099998,72.90001,Asia/Kolkata,2026-09-19 19:00:00,Moderate,False,False,2026-09-19
Mumbai,India,59.0,19.4,48.7,14.9,45.0,6.7,846.0,19.099998,72.90001,Asia/Kolkata,2026-09-19 20:00:00,Moderate,False,False,2026-09-19
Mumbai,India,60.0,20.8,50.3,16.1,43.0,7.6,990.0,19.099998,72.90001,Asia/Kolkata,2026-09-19 21:00:00,Moderate,False,False,2026-09-19
Mumbai,India,61.0,22.7,51.7,16.8,44.0,8.5,1102.0,19.099998,72.90001,Asia/Kolkata,2026-09-19 22:00:00,Moderate,False,False,2026-09-19
Mumbai,India,62.0,23.6,51.7,16.9,45.0,8.9,1151.0,19.099998,72.90001,Asia/Kolkata,2026-09-19 23:00:00,Moderate,False,False,2026-09-19
Mumbai,India,63.0,23.4,50.4,15.8,46.0,8.1,1104.0,19.099998,72.90001,Asia/Kolkata,2026-09-20 00:00:00,Moderate,False,False,2026-09-20
Mumbai,India,64.0,22.8,48.4,14.0,48.0,6.8,993.0,19.099998,72.90001,Asia/Kolkata,2026-09-20 01:00:00,Moderate,False,False,2026-09-20
Mumbai,India,65.0,21.8,45.4,12.9,49.0,6.3,884.0,19.099998,72.90001,Asia/Kolkata,2026-09-20 02:00:00,Moderate,False,False,2026-09-20
Mumbai,India,66.0,18.4,36.7,13.1,50.0,7.0,793.0,19.099998,72.90001,Asia/Kolkata,2026-09-20 03:00:00,Moderate,False,False,2026-09-20
Mumbai,India,66.0,17.8,34.3,14.1,51.0,8.5,703.0,19.099998,72.90001,Asia/Kolkata,2026-09-20 04:00:00,Moderate,False,False,2026-09-20
Mumbai,India,67.0,18.9,34.0,15.5,52.0,11.5,627.0,19.099998,72.90001,Asia/Kolkata,2026-09-20 05:00:00,Moderate,False,False,2026-09-20
Mumbai,India,67.0,22.2,37.6,18.1,51.0,17.5,576.0,19.099998,72.90001,Asia/Kolkata,2026-09-20 06:00:00,Moderate,False,False,2026-09-20
Mumbai,India,68.0,24.7,39.8,21.1,50.0,25.1,538.0,19.099998,72.90001,Asia/Kolkata,2026-09-20 07:00:00,Moderate,False,False,2026-09-20
Mumbai,India,69.0,24.7,39.9,22.0,60.0,30.0,496.0,19.099998,72.90001,Asia/Kolkata,2026-09-20 08:00:00,Moderate,False,False,2026-09-20
Mumbai,India,70.0,25.0,39.9,19.1,91.0,30.5,439.0,19.099998,72.90001,Asia/Kolkata,2026-09-20 09:00:00,Moderate,False,False,2026-09-20
Mumbai,India,71.0,26.4,40.5,14.1,133.0,28.5,377.0,19.099998,72.90001,Asia/Kolkata,2026-09-20 10:00:00,Moderate,False,False,2026-09-20
Mumbai,India,72.0,28.2,40.9,9.9,163.0,25.1,319.0,19.099998,72.90001,Asia/Kolkata,2026-09-20 11:00:00,Moderate,False,False,2026-09-20
Mumbai,India,73.0,26.6,36.9,7.2,171.0,19.8,264.0,19.099998,72.90001,Asia/Kolkata,2026-09-20 12:00:00,Moderate,False,False,2026-09-20
Mumbai,India,73.0,22.4,30.0,5.2,167.0,13.1,214.0,19.099998,72.90001,Asia/Kolkata,2026-09-20 13:00:00,Moderate,False,False,2026-09-20
Mumbai,India,74.0,16.6,21.9,4.2,158.0,8.1,183.0,19.099998,72.90001,Asia/Kolkata,2026-09-20 14:00:00,Moderate,False,False,2026-09-20
Mumbai,India,78.0,14.0,18.3,4.7,145.0,6.2,172.0,19.099998,72.90001,Asia/Kolkata,2026-09-20 15:00:00,Moderate,False,False,2026-09-20
Mumbai,India,98.0,13.0,16.9,6.3,127.0,6.0,179.0,19.099998,72.90001,Asia/Kolkata,2026-09-20 16:00:00,Moderate,False,False,2026-09-20
Mumbai,India,112.0,12.6,16.5,7.6,113.0,6.1,217.0,19.099998,72.90001,Asia/Kolkata,2026-09-20 17:00:00,Unhealthy for Sensitive Groups,True,False,2026-09-20
Mumbai,India,117.0,12.3,16.2,8.2,105.0,6.2,305.0,19.099998,72.90001,Asia/Kolkata,2026-09-20 18:00:00,Unhealthy for Sensitive Groups,True,False,2026-09-20
Mumbai,India,111.0,12.5,16.6,8.6,101.0,6.7,424.0,19.099998,72.90001,Asia/Kolkata,2026-09-20 19:00:00,Unhealthy for Sensitive Groups,True,False,2026-09-20
Mumbai,India,98.0,13.6,18.0,9.1,99.0,7.3,527.0,19.099998,72.90001,Asia/Kolkata,2026-09-20 20:00:00,Moderate,False,False,2026-09-20
Mumbai,India,82.0,14.8,19.4,9.8,99.0,7.9,603.0,19.099998,72.90001,Asia/Kolkata,2026-09-20 21:00:00,Moderate,False,False,2026-09-20
Mumbai,India,71.0,16.1,20.7,10.5,100.0,8.7,663.0,19.099998,72.90001,Asia/Kolkata,2026-09-20 22:00:00,Moderate,False,False,2026-09-20
Mumbai,India,70.0,17.5,22.1,11.6,100.0,10.0,690.0,19.099998,72.90001,Asia/Kolkata,2026-09-20 23:00:00,Moderate,False,False,2026-09-20
Mumbai,India,70.0,18.6,23.1,13.1,97.0,11.9,662.0,19.099998,72.90001,Asia/Kolkata,2026-09-21 00:00:00,Moderate,False,False,2026-09-21
Mumbai,India,69.0,19.5,23.3,14.9,92.0,14.3,601.0,19.099998,72.90001,Asia/Kolkata,2026-09-21 01:00:00,Moderate,False,False,2026-09-21
Mumbai,India,69.0,19.9,22.1,16.6,88.0,17.1,553.0,19.099998,72.90001,Asia/Kolkata,2026-09-21 02:00:00,Moderate,False,False,2026-09-21
Mumbai,India,69.0,21.0,22.9,18.1,83.0,20.6,533.0,19.099998,72.90001,Asia/Kolkata,2026-09-21 03:00:00,Moderate,False,False,2026-09-21
Mumbai,India,69.0,22.2,24.0,19.6,78.0,24.6,526.0,19.099998,72.90001,Asia/Kolkata,2026-09-21 04:00:00,Moderate,False,False,2026-09-21
Mumbai,India,69.0,23.0,24.8,21.0,76.0,28.1,530.0,19.099998,72.90001,Asia/Kolkata,2026-09-21 05:00:00,Moderate,False,False,2026-09-21
Mumbai,India,70.0,23.5,25.3,22.7,75.0,30.5,560.0,19.099998,72.90001,Asia/Kolkata,2026-09-21 06:00:00,Moderate,False,False,2026-09-21
Mumbai,India,70.0,23.3,25.3,24.3,76.0,32.4,600.0,19.099998,72.90001,Asia/Kolkata,2026-09-21 07:00:00,Moderate,False,False,2026-09-21
Mumbai,India,70.0,23.9,25.6,24.6,90.0,35.0,606.0,19.099998,72.90001,Asia/Kolkata,2026-09-21 08:00:00,Moderate,False,False,2026-09-21
Mumbai,India,70.0,25.6,27.2,22.7,127.0,40.2,546.0,19.099998,72.90001,Asia/Kolkata,2026-09-21 09:00:00,Moderate,False,False,2026-09-21
Mumbai,India,70.0,29.5,30.9,19.4,176.0,46.2,451.0,19.099998,72.90001,Asia/Kolkata,2026-09-21 10:00:00,Moderate,False,False,2026-09-21
Mumbai,India,70.0,35.7,37.1,16.2,218.0,48.2,365.0,19.099998,72.90001,Asia/Kolkata,2026-09-21 11:00:00,Moderate,False,False,2026-09-21
Mumbai,India,104.0,41.1,42.6,12.9,251.0,43.2,292.0,19.099998,72.90001,Asia/Kolkata,2026-09-21 12:00:00,Unhealthy for Sensitive Groups,True,False,2026-09-21
Mumbai,India,120.0,42.6,44.4,9.6,277.0,34.2,228.0,19.099998,72.90001,Asia/Kolkata,2026-09-21 13:00:00,Unhealthy for Sensitive Groups,True,False,2026-09-21
Mumbai,India,141.0,38.4,40.3,7.8,279.0,25.9,209.0,19.099998,72.90001,Asia/Kolkata,2026-09-21 14:00:00,Unhealthy for Sensitive Groups,True,False,2026-09-21
Mumbai,India,176.0,29.3,31.5,8.5,241.0,19.3,243.0,19.099998,72.90001,Asia/Kolkata,2026-09-21 15:00:00,Unhealthy,True,True,2026-09-21
Mumbai,India,201.0,24.4,30.2,10.7,180.0,13.4,321.0,19.099998,72.90001,Asia/Kolkata,2026-09-21 16:00:00,Very Unhealthy,True,True,2026-09-21
Mumbai,India,207.0,19.6,24.0,12.9,130.0,9.3,451.0,19.099998,72.90001,Asia/Kolkata,2026-09-21 17:00:00,Very Unhealthy,True,True,2026-09-21
Mumbai,India,207.0,17.0,21.0,14.8,104.0,8.0,689.0,19.099998,72.90001,Asia/Kolkata,2026-09-21 18:00:00,Very Unhealthy,True,True,2026-09-21
Mumbai,India,202.0,16.6,20.5,16.8,89.0,8.4,980.0,19.099998,72.90001,Asia/Kolkata,2026-09-21 19:00:00,Very Unhealthy,True,True,2026-09-21
Mumbai,India,185.0,17.6,21.4,18.3,78.0,9.2,1162.0,19.099998,72.90001,Asia/Kolkata,2026-09-21 20:00:00,Unhealthy,True,True,2026-09-21
Mumbai,India,157.0,17.4,21.1,19.3,71.0,10.1,1145.0,19.099998,72.90001,Asia/Kolkata,2026-09-21 21:00:00,Unhealthy,True,True,2026-09-21
Mumbai,India,116.0,18.7,22.3,19.8,70.0,11.2,1019.0,19.099998,72.90001,Asia/Kolkata,2026-09-21 22:00:00,Unhealthy for Sensitive Groups,True,False,2026-09-21
Mumbai,India,79.0,19.9,23.5,19.6,69.0,11.6,902.0,19.099998,72.90001,Asia/Kolkata,2026-09-21 23:00:00,Moderate,False,False,2026-09-21
Mumbai,India,79.0,20.1,23.5,18.2,68.0,10.5,839.0,19.099998,72.90001,Asia/Kolkata,2026-09-22 00:00:00,Moderate,False,False,2026-09-22
Mumbai,India,79.0,20.0,23.3,16.2,69.0,8.6,784.0,19.099998,72.90001,Asia/Kolkata,2026-09-22 01:00:00,Moderate,False,False,2026-09-22
Mumbai,India,79.0,19.7,22.9,14.3,70.0,7.5,715.0,19.099998,72.90001,Asia/Kolkata,2026-09-22 02:00:00,Moderate,False,False,2026-09-22
Mumbai,India,79.0,19.2,22.4,12.7,72.0,7.5,595.0,19.099998,72.90001,Asia/Kolkata,2026-09-22 03:00:00,Moderate,False,False,2026-09-22
Mumbai,India,79.0,19.4,22.6,11.3,74.0,8.1,460.0,19.099998,72.90001,Asia/Kolkata,2026-09-22 04:00:00,Moderate,False,False,2026-09-22
Mumbai,India,79.0,18.7,22.0,11.0,77.0,9.7,355.8,19.099998,72.90001,Asia/Kolkata,2026-09-22 05:00:00,Moderate,False,False,2026-09-22
Mumbai,India,79.0,19.0,22.4,13.2,78.0,13.2,308.0,19.099998,72.90001,Asia/Kolkata,2026-09-22 06:00:00,Moderate,False,False,2026-09-22
Mumbai,India,78.0,19.9,23.2,16.4,79.0,17.5,288.8,19.099998,72.90001,Asia/Kolkata,2026-09-22 07:00:00,Moderate,False,False,2026-09-22
Mumbai,India,78.0,18.5,22.0,17.7,87.0,20.0,262.0,19.099998,72.90001,Asia/Kolkata,2026-09-22 08:00:00,Moderate,False,False,2026-09-22
Mumbai,India,78.0,17.4,21.5,14.9,111.0,18.9,251.0,19.099998,72.90001,Asia/Kolkata,2026-09-22 09:00:00,Moderate,False,False,2026-09-22
Mumbai,India,77.0,18.2,23.1,10.2,142.0,15.9,232.0,19.099998,72.90001,Asia/Kolkata,2026-09-22 10:00:00,Moderate,False,False,2026-09-22
Mumbai,India,76.0,19.2,24.4,6.6,164.0,13.0,216.0,19.099998,72.90001,Asia/Kolkata,2026-09-22 11:00:00,Moderate,False,False,2026-09-22
Mumbai,India,75.0,19.9,25.2,5.3,170.0,10.8,208.0,19.099998,72.90001,Asia/Kolkata,2026-09-22 12:00:00,Moderate,False,False,2026-09-22
Mumbai,India,73.0,18.8,23.7,5.1,167.0,8.8,204.0,19.099998,72.90001,Asia/Kolkata,2026-09-22 13:00:00,Moderate,False,False,2026-09-22
Mumbai,India,79.0,17.1,21.7,5.6,157.0,7.2,201.0,19.099998,72.90001,Asia/Kolkata,2026-09-22 14:00:00,Moderate,False,False,2026-09-22
Mumbai,India,96.0,14.1,18.5,7.1,135.0,6.1,198.0,19.099998,72.90001,Asia/Kolkata,2026-09-22 15:00:00,Moderate,False,False,2026-09-22
Mumbai,India,108.0,12.5,16.5,9.3,105.0,5.4,197.0,19.099998,72.90001,Asia/Kolkata,2026-09-22 16:00:00,Unhealthy for Sensitive Groups,True,False,2026-09-22
Mumbai,India,111.0,11.8,15.8,11.1,83.0,5.3,199.0,19.099998,72.90001,Asia/Kolkata,2026-09-22 17:00:00,Unhealthy for Sensitive Groups,True,False,2026-09-22
Mumbai,India,105.0,12.1,16.1,12.0,75.0,5.8,204.0,19.099998,72.90001,Asia/Kolkata,2026-09-22 18:00:00,Unhealthy for Sensitive Groups,True,False,2026-09-22
Mumbai,India,91.0,12.9,17.0,12.5,75.0,6.8,213.0,19.099998,72.90001,Asia/Kolkata,2026-09-22 19:00:00,Moderate,False,False,2026-09-22
Mumbai,India,72.0,13.9,18.2,13.3,75.0,8.0,223.0,19.099998,72.90001,Asia/Kolkata,2026-09-22 20:00:00,Moderate,False,False,2026-09-22
Mumbai,India,66.0,15.3,19.5,15.1,72.0,9.6,238.0,19.099998,72.90001,Asia/Kolkata,2026-09-22 21:00:00,Moderate,False,False,2026-09-22
Mumbai,India,66.0,16.5,20.8,17.1,69.0,11.4,254.0,19.099998,72.90001,Asia/Kolkata,2026-09-22 22:00:00,Moderate,False,False,2026-09-22
Mumbai,India,66.0,17.7,22.0,18.2,67.0,12.3,264.0,19.099998,72.90001,Asia/Kolkata,2026-09-22 23:00:00,Moderate,False,False,2026-09-22
New York,United States,54.0,13.3,14.9,34.4,42.0,1.8,177.0,40.699997,-74.0,America/New_York,2026-09-16 00:00:00,Moderate,False,False,2026-09-16
New York,United States,54.0,13.4,15.0,32.1,41.0,1.7,178.0,40.699997,-74.0,America/New_York,2026-09-16 01:00:00,Moderate,False,False,2026-09-16
New York,United States,54.0,13.8,15.4,32.4,38.0,1.7,181.0,40.699997,-74.0,America/New_York,2026-09-16 02:00:00,Moderate,False,False,2026-09-16
New York,United States,54.0,15.0,16.8,37.9,31.0,1.8,185.0,40.699997,-74.0,America/New_York,2026-09-16 03:00:00,Moderate,False,False,2026-09-16
New York,United States,55.0,16.6,18.5,46.1,22.0,1.9,192.0,40.699997,-74.0,America/New_York,2026-09-16 04:00:00,Moderate,False,False,2026-09-16
New York,United States,55.0,18.4,20.4,51.7,16.0,2.1,207.0,40.699997,-74.0,America/New_York,2026-09-16 05:00:00,Moderate,False,False,2026-09-16
New York,United States,56.0,19.8,21.8,53.2,12.0,2.3,243.0,40.699997,-74.0,America/New_York,2026-09-16 06:00:00,Moderate,False,False,2026-09-16
New York,United States,56.0,21.2,23.1,52.1,11.0,2.4,287.0,40.699997,-74.0,America/New_York,2026-09-16 07:00:00,Moderate,False,False,2026-09-16
New York,United States,57.0,20.3,21.5,48.2,17.0,2.5,307.0,40.699997,-74.0,America/New_York,2026-09-16 08:00:00,Moderate,False,False,2026-09-16
New York,United States,58.0,18.2,20.0,39.3,33.0,2.6,281.0,40.699997,-74.0,America/New_York,2026-09-16 09:00:00,Moderate,False,False,2026-09-16
New York,United States,59.0,16.0,18.5,27.0,55.0,2.9,231.0,40.699997,-74.0,America/New_York,2026-09-16 10:00:00,Moderate,False,False,2026-09-16
New York,United States,60.0,15.6,18.5,17.2,76.0,3.0,194.0,40.699997,-74.0,America/New_York,2026-09-16 11:00:00,Moderate,False,False,2026-09-16
New York,United States,60.0,16.4,19.7,12.5,94.0,3.0,186.0,40.699997,-74.0,America/New_York,2026-09-16 12:00:00,Moderate,False,False,2026-09-16
New York,United States,61.0,17.9,21.8,10.4,111.0,3.0,190.0,40.699997,-74.0,America/New_York,2026-09-16 13:00:00,Moderate,False,False,2026-09-16
New York,United States,62.0,19.5,23.7,9.3,124.0,3.0,194.0,40.699997,-74.0,America/New_York,2026-09-16 14:00:00,Moderate,False,False,2026-09-16
New York,United States,63.0,20.5,24.9,8.1,134.0,3.0,191.0,40.699997,-74.0,America/New_York,2026-09-16 15:00:00,Moderate,False,False,2026-09-16
New York,United States,64.0,20.8,25.1,7.9,140.0,3.1,188.0,40.699997,-74.0,America/New_York,2026-09-16 16:00:00,Moderate,False,False,2026-09-16
New York,United States,64.0,20.7,24.7,11.2,136.0,3.1,188.0,40.699997,-74.0,America/New_York,2026-09-16 17:00:00,Moderate,False,False,2026-09-16
New York,United States,65.0,20.3,24.0,20.8,116.0,3.1,194.0,40.699997,-74.0,America/New_York,2026-09-16 18:00:00,Moderate,False,False,2026-09-16
New York,United States,65.0,20.7,24.0,33.8,86.0,3.1,204.0,40.699997,-74.0,America/New_York,2026-09-16 19:00:00,Moderate,False,False,2026-09-16
New York,United States,67.0,27.5,31.2,54.5,54.0,3.3,213.0,40.699997,-74.0,America/New_York,2026-09-16 20:00:00,Moderate,False,False,2026-09-16
New York,United States,67.0,22.8,25.8,53.3,50.0,3.2,222.0,40.699997,-74.0,America/New_York,2026-09-16 21:00:00,Moderate,False,False,2026-09-16
New York,United States,67.0,20.2,22.8,51.6,44.0,3.0,230.0,40.699997,-74.0,America/New_York,2026-09-16 22:00:00,Moderate,False,False,2026-09-16
New York,United States,68.0,18.7,21.1,49.4,40.0,2.8,238.0,40.699997,-74.0,America/New_York,2026-09-16 23:00:00,Moderate,False,False,2026-09-16
New York,United States,68.0,18.3,20.4,45.9,39.0,2.7,244.0,40.699997,-74.0,America/New_York,2026-09-17 00:00:00,Moderate,False,False,2026-09-17
New York,United States,69.0,18.1,20.1,41.8,40.0,2.7,250.0,40.699997,-74.0,America/New_York,2026-09-17 01:00:00,Moderate,False,False,2026-09-17
New York,United States,69.0,17.9,19.9,39.7,39.0,2.7,252.0,40.699997,-74.0,America/New_York,2026-09-17 02:00:00,Moderate,False,False,2026-09-17
New York,United States,69.0,17.8,19.7,41.2,34.0,2.7,246.0,40.699997,-74.0,America/New_York,2026-09-17 03:00:00,Moderate,False,False,2026-09-17
New York,United States,70.0,18.2,20.0,44.6,27.0,2.7,237.0,40.699997,-74.0,America/New_York,2026-09-17 04:00:00,Moderate,False,False,2026-09-17
New York,United States,70.0,19.1,21.0,47.5,21.0,2.8,241.0,40.699997,-74.0,America/New_York,2026-09-17 05:00:00,Moderate,False,False,2026-09-17
New York,United States,70.0,21.0,22.8,50.1,15.0,2.9,277.0,40.699997,-74.0,America/New_York,2026-09-17 06:00:00,Moderate,False,False,2026-09-17
New York,United States,70.0,24.5,26.2,52.2,10.0,3.2,326.0,40.699997,-74.0,America/New_York,2026-09-17 07:00:00,Moderate,False,False,2026-09-17
New York,United States,70.0,30.2,31.4,56.5,8.0,3.5,346.0,40.699997,-74.0,America/New_York,2026-09-17 08:00:00,Moderate,False,False,2026-09-17
New York,United States,71.0,25.5,27.2,48.2,27.0,3.8,306.0,40.699997,-74.0,America/New_York,2026-09-17 09:00:00,Moderate,False,False,2026-09-17
New York,United States,71.0,24.0,26.0,36.5,55.0,4.3,236.0,40.699997,-74.0,America/New_York,2026-09-17 10:00:00,Moderate,False,False,2026-09-17
New York,United States,72.0,22.3,24.6,26.4,80.0,4.5,184.0,40.699997,-74.0,America/New_York,2026-09-17 11:00:00,Moderate,False,False,2026-09-17
New York,United States,73.0,20.7,23.1,19.2,102.0,4.2,171.0,40.699997,-74.0,America/New_York,2026-09-17 12:00:00,Moderate,False,False,2026-09-17
New York,United States,73.0,17.5,19.7,13.5,123.0,3.7,176.0,40.699997,-74.0,America/New_York,2026-09-17 13:00:00,Moderate,False,False,2026-09-17
New York,United States,73.0,17.6,20.2,10.2,135.0,3.2,181.0,40.699997,-74.0,America/New_York,2026-09-17 14:00:00,Moderate,False,False,2026-09-17
New York,United States,73.0,16.3,18.6,9.8,134.0,2.8,178.0,40.699997,-74.0,America/New_York,2026-09-17 15:00:00,Moderate,False,False,2026-09-17
New York,United States,72.0,15.4,17.5,11.7,125.0,2.5,175.0,40.699997,-74.0,America/New_York,2026-09-17 16:00:00,Moderate,False,False,2026-09-17
New York,United States,72.0,15.3,17.3,15.2,113.0,2.3,180.0,40.699997,-74.0,America/New_York,2026-09-17 17:00:00,Moderate,False,False,2026-09-17
New York,United States,72.0,15.4,17.1,21.0,100.0,2.3,200.0,40.699997,-74.0,America/New_York,2026-09-17 18:00:00,Moderate,False,False,2026-09-17
New York,United States,71.0,15.9,17.2,28.4,85.0,2.3,228.0,40.699997,-74.0,America/New_York,2026-09-17 19:00:00,Moderate,False,False,2026-09-17
New York,United States,71.0,17.5,17.8,47.2,62.0,2.8,247.0,40.699997,-74.0,America/New_York,2026-09-17 20:00:00,Moderate,False,False,2026-09-17
New York,United States,70.0,18.1,18.6,47.8,59.0,2.8,248.0,40.699997,-74.0,America/New_York,2026-09-17 21:00:00,Moderate,False,False,2026-09-17
New York,United States,70.0,18.0,18.5,48.5,54.0,2.9,241.0,40.699997,-74.0,America/New_York,2026-09-17 22:00:00,Moderate,False,False,2026-09-17
New York,United States,69.0,17.1,17.6,47.8,50.0,2.9,233.0,40.699997,-74.0,America/New_York,2026-09-17 23:00:00,Moderate,False,False,2026-09-17
New York,United States,69.0,17.0,17.9,44.0,49.0,2.9,228.0,40.699997,-74.0,America/New_York,2026-09-18 00:00:00,Moderate,False,False,2026-09-18
New York,United States,69.0,17.1,18.0,38.8,49.0,2.8,223.0,40.699997,-74.0,America/New_York,2026-09-18 01:00:00,Moderate,False,False,2026-09-18
New York,United States,69.0,17.5,18.5,35.5,48.0,2.8,220.0,40.699997,-74.0,America/New_York,2026-09-18 02:00:00,Moderate,False,False,2026-09-18
New York,United States,69.0,18.4,19.0,36.3,42.0,2.8,219.0,40.699997,-74.0,America/New_York,2026-09-18 03:00:00,Moderate,False,False,2026-09-18
New York,United States,69.0,19.4,19.7,39.0,35.0,2.7,219.0,40.699997,-74.0,America/New_York,2026-09-18 04:00:00,Moderate,False,False,2026-09-18
New York,United States,69.0,19.6,19.7,39.9,31.0,2.6,220.0,40.699997,-74.0,America/New_York,2026-09-18 05:00:00,Moderate,False,False,2026-09-18
New York,United States,69.0,18.5,18.6,37.6,31.0,2.3,222.0,40.699997,-74.0,America/New_York,2026-09-18 06:00:00,Moderate,False,False,2026-09-18
New York,United States,69.0,16.4,16.6,33.6,33.0,1.9,224.0,40.699997,-74.0,America/New_York,2026-09-18 07:00:00,Moderate,False,False,2026-09-18
New York,United States,68.0,16.3,16.6,28.4,42.0,1.6,224.0,40.699997,-74.0,America/New_York,2026-09-18 08:00:00,Moderate,False,False,2026-09-18
New York,United States,67.0,13.5,14.1,21.1,62.0,1.5,219.0,40.699997,-74.0,America/New_York,2026-09-18 09:00:00,Moderate,False,False,2026-09-18
New York,United States,66.0,11.8,12.7,12.6,87.0,1.5,211.0,40.699997,-74.0,America/New_York,2026-09-18 10:00:00,Moderate,False,False,2026-09-18
New York,United States,65.0,10.3,11.2,6.2,107.0,1.4,203.0,40.699997,-74.0,America/New_York,2026-09-18 11:00:00,Moderate,False,False,2026-09-18
New York,United States,65.0,9.4,10.2,3.7,116.0,1.3,194.0,40.699997,-74.0,America/New_York,2026-09-18 12:00:00,Moderate,False,False,2026-09-18
New York,United States,64.0,8.6,9.3,3.4,119.0,1.1,185.0,40.699997,-74.0,America/New_York,2026-09-18 13:00:00,Moderate,False,False,2026-09-18
New York,United States,63.0,7.7,8.4,3.5,119.0,1.0,178.0,40.699997,-74.0,America/New_York,2026-09-18 14:00:00,Moderate,False,False,2026-09-18
New York,United States,62.0,7.0,7.6,3.0,117.0,0.9,170.0,40.699997,-74.0,America/New_York,2026-09-18 15:00:00,Moderate,False,False,2026-09-18
New York,United States,61.0,6.3,7.0,2.9,112.0,0.8,164.0,40.699997,-74.0,America/New_York,2026-09-18 16:00:00,Moderate,False,False,2026-09-18
New York,United States,61.0,5.9,6.5,4.7,103.0,0.8,173.0,40.699997,-74.0,America/New_York,2026-09-18 17:00:00,Moderate,False,False,2026-09-18
New York,United States,60.0,5.7,6.4,10.2,88.0,0.9,215.0,40.699997,-74.0,America/New_York,2026-09-18 18:00:00,Moderate,False,False,2026-09-18
New York,United States,59.0,7.2,7.7,17.5,70.0,1.0,271.0,40.699997,-74.0,America/New_York,2026-09-18 19:00:00,Moderate,False,False,2026-09-18
New York,United States,59.0,8.3,8.7,22.2,57.0,1.1,302.0,40.699997,-74.0,America/New_York,2026-09-18 20:00:00,Moderate,False,False,2026-09-18
New York,United States,58.0,8.3,8.6,21.8,52.0,1.1,282.0,40.699997,-74.0,America/New_York,2026-09-18 21:00:00,Moderate,False,False,2026-09-18
New York,United States,57.0,7.6,7.9,18.7,52.0,1.1,237.0,40.699997,-74.0,America/New_York,2026-09-18 22:00:00,Moderate,False,False,2026-09-18
New York,United States,56.0,7.0,7.3,15.7,52.0,1.1,200.0,40.699997,-74.0,America/New_York,2026-09-18 23:00:00,Moderate,False,False,2026-09-18
New York,United States,55.0,6.7,6.9,13.4,53.0,1.1,184.0,40.699997,-74.0,America/New_York,2026-09-19 00:00:00,Moderate,False,False,2026-09-19
New York,United States,55.0,6.4,6.6,11.1,54.0,1.0,176.0,40.699997,-74.0,America/New_York,2026-09-19 01:00:00,Moderate,False,False,2026-09-19
New York,United States,54.0,6.1,6.3,9.5,55.0,1.0,170.0,40.699997,-74.0,America/New_York,2026-09-19 02:00:00,Moderate,False,False,2026-09-19
New York,United States,53.0,5.8,6.0,9.0,55.0,1.0,164.0,40.699997,-74.0,America/New_York,2026-09-19 03:00:00,Moderate,False,False,2026-09-19
New York,United States,52.0,5.6,5.8,9.3,54.0,1.1,160.0,40.699997,-74.0,America/New_York,2026-09-19 04:00:00,Moderate,False,False,2026-09-19
New York,United States,51.0,5.5,5.7,10.1,53.0,1.2,161.0,40.699997,-74.0,America/New_York,2026-09-19 05:00:00,Moderate,False,False,2026-09-19
New York,United States,49.0,5.6,5.7,12.0,50.0,1.4,169.0,40.699997,-74.0,America/New_York,2026-09-19 06:00:00,Good,False,False,2026-09-19
New York,United States,46.0,6.2,6.3,14.4,47.0,1.6,181.0,40.699997,-74.0,America/New_York,2026-09-19 07:00:00,Good,False,False,2026-09-19
New York,United States,44.0,7.2,7.3,15.5,46.0,1.8,189.0,40.699997,-74.0,America/New_York,2026-09-19 08:00:00,Good,False,False,2026-09-19
New York,United States,42.0,7.8,7.9,14.0,50.0,2.0,190.0,40.699997,-74.0,America/New_York,2026-09-19 09:00:00,Good,False,False,2026-09-19
New York,United States,40.0,7.7,7.8,11.2,56.0,2.2,187.0,40.699997,-74.0,America/New_York,2026-09-19 10:00:00,Good,False,False,2026-09-19
New York,United States,39.0,7.7,7.7,8.8,64.0,2.4,183.0,40.699997,-74.0,America/New_York,2026-09-19 11:00:00,Good,False,False,2026-09-19
New York,United States,39.0,8.0,8.1,7.4,74.0,2.4,180.0,40.699997,-74.0,America/New_York,2026-09-19 12:00:00,Good,False,False,2026-09-19
New York,United States,38.0,8.5,8.6,6.5,85.0,2.4,177.0,40.699997,-74.0,America/New_York,2026-09-19 13:00:00,Good,False,False,2026-09-19
New York,United States,38.0,9.2,9.3,6.1,94.0,2.4,173.0,40.699997,-74.0,America/New_York,2026-09-19 14:00:00,Good,False,False,2026-09-19
New York,United States,39.0,9.9,10.1,6.1,100.0,2.4,168.0,40.699997,-74.0,America/New_York,2026-09-19 15:00:00,Good,False,False,2026-09-19
New York,United States,39.0,10.7,11.2,6.6,103.0,2.4,163.0,40.699997,-74.0,America/New_York,2026-09-19 16:00:00,Good,False,False,2026-09-19
New York,United States,40.0,11.3,12.1,7.8,102.0,2.4,161.0,40.699997,-74.0,America/New_York,2026-09-19 17:00:00,Good,False,False,2026-09-19
New York,United States,42.0,11.3,12.3,10.3,94.0,2.3,164.0,40.699997,-74.0,America/New_York,2026-09-19 18:00:00,Good,False,False,2026-09-19
New York,United States,43.0,11.5,13.1,13.5,83.0,2.1,171.0,40.699997,-74.0,America/New_York,2026-09-19 19:00:00,Good,False,False,2026-09-19
New York,United States,44.0,11.2,13.2,16.4,72.0,2.0,176.0,40.699997,-74.0,America/New_York,2026-09-19 20:00:00,Good,False,False,2026-09-19
New York,United States,45.0,11.0,13.1,18.8,65.0,1.9,178.0,40.699997,-74.0,America/New_York,2026-09-19 21:00:00,Good,False,False,2026-09-19
New York,United States,45.0,10.9,13.1,20.8,59.0,1.7,180.0,40.699997,-74.0,America/New_York,2026-09-19 22:00:00,Good,False,False,2026-09-19
New York,United States,46.0,11.1,13.4,21.7,54.0,1.6,178.0,40.699997,-74.0,America/New_York,2026-09-19 23:00:00,Good,False,False,2026-09-19
New York,United States,47.0,11.4,13.8,20.5,52.0,1.5,172.0,40.699997,-74.0,America/New_York,2026-09-20 00:00:00,Good,False,False,2026-09-20
New York,United States,48.0,11.5,14.1,18.2,51.0,1.4,164.0,40.699997,-74.0,America/New_York,2026-09-20 01:00:00,Good,False,False,2026-09-20
New York,United States,49.0,11.4,14.4,16.6,50.0,1.3,157.0,40.699997,-74.0,America/New_York,2026-09-20 02:00:00,Good,False,False,2026-09-20
New York,United States,50.0,11.5,14.7,16.3,48.0,1.3,153.0,40.699997,-74.0,America/New_York,2026-09-20 03:00:00,Good,False,False,2026-09-20
New York,United States,51.0,11.6,15.2,16.6,45.0,1.3,151.0,40.699997,-74.0,America/New_York,2026-09-20 04:00:00,Moderate,False,False,2026-09-20
New York,United States,51.0,11.8,15.6,17.9,43.0,1.4,151.0,40.699997,-74.0,America/New_York,2026-09-20 05:00:00,Moderate,False,False,2026-09-20
New York,United States,52.0,12.0,15.8,21.3,39.0,1.5,155.0,40.699997,-74.0,America/New_York,2026-09-20 06:00:00,Moderate,False,False,2026-09-20
New York,United States,52.0,12.7,16.5,25.5,36.0,1.6,162.0,40.699997,-74.0,America/New_York,2026-09-20 07:00:00,Moderate,False,False,2026-09-20
New York,United States,53.0,14.6,18.2,27.1,37.0,1.7,165.0,40.699997,-74.0,America/New_York,2026-09-20 08:00:00,Moderate,False,False,2026-09-20
New York,United States,53.0,14.6,18.4,23.4,47.0,1.7,163.0,40.699997,-74.0,America/New_York,2026-09-20 09:00:00,Moderate,False,False,2026-09-20
New York,United States,54.0,14.1,17.9,17.0,62.0,1.6,157.0,40.699997,-74.0,America/New_York,2026-09-20 10:00:00,Moderate,False,False,2026-09-20
New York,United States,54.0,13.5,17.5,12.1,74.0,1.5,153.0,40.699997,-74.0,America/New_York,2026-09-20 11:00:00,Moderate,False,False,2026-09-20
New York,United States,55.0,13.2,17.1,10.2,79.0,1.4,150.0,40.699997,-74.0,America/New_York,2026-09-20 12:00:00,Moderate,False,False,2026-09-20
New York,United States,55.0,13.4,17.4,9.7,81.0,1.4,149.0,40.699997,-74.0,America/New_York,2026-09-20 13:00:00,Moderate,False,False,2026-09-20
New York,United States,55.0,12.5,15.9,9.9,81.0,1.3,148.0,40.699997,-74.0,America/New_York,2026-09-20 14:00:00,Moderate,False,False,2026-09-20
New York,United States,56.0,12.0,15.3,10.5,81.0,1.3,149.0,40.699997,-74.0,America/New_York,2026-09-20 15:00:00,Moderate,False,False,2026-09-20
New York,United States,56.0,12.2,15.1,11.8,79.0,1.3,152.0,40.699997,-74.0,America/New_York,2026-09-20 16:00:00,Moderate,False,False,2026-09-20
New York,United States,56.0,12.0,14.7,13.8,76.0,1.3,154.0,40.699997,-74.0,America/New_York,2026-09-20 17:00:00,Moderate,False,False,2026-09-20
New York,United States,56.0,12.3,14.7,17.1,71.0,1.4,156.0,40.699997,-74.0,America/New_York,2026-09-20 18:00:00,Moderate,False,False,2026-09-20
New York,United States,56.0,12.0,14.0,21.1,64.0,1.4,157.0,40.699997,-74.0,America/New_York,2026-09-20 19:00:00,Moderate,False,False,2026-09-20
New York,United States,56.0,12.2,14.1,24.5,59.0,1.5,160.0,40.699997,-74.0,America/New_York,2026-09-20 20:00:00,Moderate,False,False,2026-09-20
New York,United States,56.0,12.0,13.8,27.6,56.0,1.6,164.0,40.699997,-74.0,America/New_York,2026-09-20 21:00:00,Moderate,False,False,2026-09-20
New York,United States,56.0,11.7,13.2,30.0,54.0,1.7,169.0,40.699997,-74.0,America/New_York,2026-09-20 22:00:00,Moderate,False,False,2026-09-20
New York,United States,56.0,12.0,13.0,30.1,52.0,1.7,177.0,40.699997,-74.0,America/New_York,2026-09-20 23:00:00,Moderate,False,False,2026-09-20
New York,United States,56.0,12.2,12.8,26.0,50.0,1.5,193.0,40.699997,-74.0,America/New_York,2026-09-21 00:00:00,Moderate,False,False,2026-09-21
New York,United States,57.0,10.1,10.4,19.4,48.0,1.3,211.0,40.699997,-74.0,America/New_York,2026-09-21 01:00:00,Moderate,False,False,2026-09-21
New York,United States,56.0,5.9,6.1,13.9,47.0,1.1,219.0,40.699997,-74.0,America/New_York,2026-09-21 02:00:00,Moderate,False,False,2026-09-21
New York,United States,56.0,3.4,3.5,10.5,47.0,1.0,206.0,40.699997,-74.0,America/New_York,2026-09-21 03:00:00,Moderate,False,False,2026-09-21
New York,United States,55.0,2.4,2.6,8.0,47.0,0.9,182.0,40.699997,-74.0,America/New_York,2026-09-21 04:00:00,Moderate,False,False,2026-09-21
New York,United States,55.0,2.2,2.3,6.6,47.0,0.9,168.0,40.699997,-74.0,America/New_York,2026-09-21 05:00:00,Moderate,False,False,2026-09-21
New York,United States,54.0,2.4,2.5,6.7,47.0,0.9,175.0,40.699997,-74.0,America/New_York,2026-09-21 06:00:00,Moderate,False,False,2026-09-21
New York,United States,53.0,2.9,3.0,7.8,47.0,1.0,191.0,40.699997,-74.0,America/New_York,2026-09-21 07:00:00,Moderate,False,False,2026-09-21
New York,United States,52.0,3.0,3.2,8.5,49.0,1.0,200.0,40.699997,-74.0,America/New_York,2026-09-21 08:00:00,Moderate,False,False,2026-09-21
New York,United States,51.0,3.3,3.5,8.0,53.0,1.0,194.0,40.699997,-74.0,America/New_York,2026-09-21 09:00:00,Moderate,False,False,2026-09-21
New York,United States,51.0,3.3,3.5,7.1,58.0,1.1,181.0,40.699997,-74.0,America/New_York,2026-09-21 10:00:00,Moderate,False,False,2026-09-21
New York,United States,49.0,3.3,3.4,6.3,64.0,1.1,171.0,40.699997,-74.0,America/New_York,2026-09-21 11:00:00,Good,False,False,2026-09-21
New York,United States,47.0,3.4,3.6,5.6,70.0,1.1,165.0,40.699997,-74.0,America/New_York,2026-09-21 12:00:00,Good,False,False,2026-09-21
New York,United States,44.0,3.6,3.8,5.0,75.0,1.1,162.0,40.699997,-74.0,America/New_York,2026-09-21 13:00:00,Good,False,False,2026-09-21
New York,United States,42.0,3.8,4.0,4.7,80.0,1.1,162.0,40.699997,-74.0,America/New_York,2026-09-21 14:00:00,Good,False,False,2026-09-21
New York,United States,40.0,3.9,4.1,3.4,85.0,1.1,169.0,40.699997,-74.0,America/New_York,2026-09-21 15:00:00,Good,False,False,2026-09-21
New York,United States,38.0,4.0,4.2,2.3,88.0,1.1,180.0,40.699997,-74.0,America/New_York,2026-09-21 16:00:00,Good,False,False,2026-09-21
New York,United States,36.0,4.2,4.4,5.4,85.0,1.2,189.0,40.699997,-74.0,America/New_York,2026-09-21 17:00:00,Good,False,False,2026-09-21
New York,United States,35.0,6.6,6.9,17.0,69.0,1.4,193.0,40.699997,-74.0,America/New_York,2026-09-21 18:00:00,Good,False,False,2026-09-21
New York,United States,36.0,10.7,10.9,32.8,46.0,1.6,195.0,40.699997,-74.0,America/New_York,2026-09-21 19:00:00,Good,False,False,2026-09-21
New York,United States,35.0,13.5,13.8,43.6,29.0,1.8,221.3,40.699997,-74.0,America/New_York,2026-09-21 20:00:00,Good,False,False,2026-09-21
New York,United States,33.0,13.6,14.0,45.0,24.0,1.9,248.0,40.699997,-74.0,America/New_York,2026-09-21 21:00:00,Good,False,False,2026-09-21
New York,United States,34.0,12.9,13.2,41.3,26.0,1.8,265.5,40.699997,-74.0,America/New_York,2026-09-21 22:00:00,Good,False,False,2026-09-21
New York,United States,34.0,11.7,11.9,36.7,28.0,1.8,276.0,40.699997,-74.0,America/New_York,2026-09-21 23:00:00,Good,False,False,2026-09-21
New York,United States,34.0,10.6,10.7,31.7,30.0,1.7,267.0,40.699997,-74.0,America/New_York,2026-09-22 00:00:00,Good,False,False,2026-09-22
New York,United States,33.0,9.6,9.7,25.8,33.0,1.6,257.0,40.699997,-74.0,America/New_York,2026-09-22 01:00:00,Good,False,False,2026-09-22
New York,United States,33.0,8.7,8.9,20.9,36.0,1.5,249.0,40.699997,-74.0,America/New_York,2026-09-22 02:00:00,Good,False,False,2026-09-22
New York,United States,34.0,7.9,8.1,17.8,39.0,1.5,242.0,40.699997,-74.0,America/New_York,2026-09-22 03:00:00,Good,False,False,2026-09-22
New York,United States,35.0,7.1,7.3,15.8,41.0,1.5,236.0,40.699997,-74.0,America/New_York,2026-09-22 04:00:00,Good,False,False,2026-09-22
New York,United States,36.0,6.7,7.0,14.8,42.0,1.5,233.0,40.699997,-74.0,America/New_York,2026-09-22 05:00:00,Good,False,False,2026-09-22
New York,United States,37.0,6.5,6.9,15.5,41.0,1.5,235.0,40.699997,-74.0,America/New_York,2026-09-22 06:00:00,Good,False,False,2026-09-22
New York,United States,38.0,6.7,7.1,17.3,39.0,1.6,241.0,40.699997,-74.0,America/New_York,2026-09-22 07:00:00,Good,False,False,2026-09-22
New York,United States,39.0,7.2,7.7,18.2,38.0,1.6,244.0,40.699997,-74.0,America/New_York,2026-09-22 08:00:00,Good,False,False,2026-09-22
New York,United States,40.0,8.2,8.8,17.5,38.0,1.6,244.0,40.699997,-74.0,America/New_York,2026-09-22 09:00:00,Good,False,False,2026-09-22
New York,United States,41.0,8.1,8.9,15.9,39.0,1.7,242.0,40.699997,-74.0,America/New_York,2026-09-22 10:00:00,Good,False,False,2026-09-22
New York,United States,42.0,8.1,9.0,14.2,42.0,1.7,238.0,40.699997,-74.0,America/New_York,2026-09-22 11:00:00,Good,False,False,2026-09-22
New York,United States,43.0,7.9,9.1,12.2,47.0,1.6,232.0,40.699997,-74.0,America/New_York,2026-09-22 12:00:00,Good,False,False,2026-09-22
New York,United States,44.0,7.7,9.1,9.9,54.0,1.5,223.0,40.699997,-74.0,America/New_York,2026-09-22 13:00:00,Good,False,False,2026-09-22
New York,United States,45.0,7.3,8.8,8.3,60.0,1.4,217.0,40.699997,-74.0,America/New_York,2026-09-22 14:00:00,Good,False,False,2026-09-22
New York,United States,46.0,7.3,8.8,7.4,65.0,1.3,214.0,40.699997,-74.0,America/New_York,2026-09-22 15:00:00,Good,False,False,2026-09-22
New York,United States,47.0,7.5,9.1,7.2,69.0,1.3,212.0,40.699997,-74.0,America/New_York,2026-09-22 16:00:00,Good,False,False,2026-09-22
New York,United States,48.0,7.5,9.2,8.1,70.0,1.3,212.0,40.699997,-74.0,America/New_York,2026-09-22 17:00:00,Good,False,False,2026-09-22
New York,United States,49.0,7.9,9.7,11.1,66.0,1.3,215.0,40.699997,-74.0,America/New_York,2026-09-22 18:00:00,Good,False,False,2026-09-22
New York,United States,49.0,8.9,10.7,15.3,58.0,1.4,220.0,40.699997,-74.0,America/New_York,2026-09-22 19:00:00,Good,False,False,2026-09-22
New York,United States,48.0,8.8,10.6,18.3,53.0,1.4,224.0,40.699997,-74.0,America/New_York,2026-09-22 20:00:00,Good,False,False,2026-09-22
New York,United States,47.0,,,,,,,40.699997,-74.0,America/New_York,2026-09-22 21:00:00,Good,False,False,2026-09-22
New York,United States,,,,,,,,40.699997,-74.0,America/New_York,2026-09-22 22:00:00,Unknown,False,False,2026-09-22
New York,United States,,,,,,,,40.699997,-74.0,America/New_York,2026-09-22 23:00:00,Unknown,False,False,2026-09-22
San Francisco,United States,56.0,9.7,15.1,4.5,69.0,0.8,129.0,37.800003,-122.399994,America/Los_Angeles,2026-09-16 00:00:00,Moderate,False,False,2026-09-16
San Francisco,United States,55.0,9.3,14.7,4.2,71.0,0.8,122.0,37.800003,-122.399994,America/Los_Angeles,2026-09-16 01:00:00,Moderate,False,False,2026-09-16
San Francisco,United States,55.0,9.1,14.4,3.9,71.0,0.8,116.0,37.800003,-122.399994,America/Los_Angeles,2026-09-16 02:00:00,Moderate,False,False,2026-09-16
San Francisco,United States,55.0,9.0,14.3,3.8,70.0,0.8,115.0,37.800003,-122.399994,America/Los_Angeles,2026-09-16 03:00:00,Moderate,False,False,2026-09-16
San Francisco,United States,55.0,8.8,14.0,3.7,69.0,0.8,115.0,37.800003,-122.399994,America/Los_Angeles,2026-09-16 04:00:00,Moderate,False,False,2026-09-16
San Francisco,United States,55.0,9.0,14.1,4.0,67.0,0.8,116.0,37.800003,-122.399994,America/Los_Angeles,2026-09-16 05:00:00,Moderate,False,False,2026-09-16
San Francisco,United States,54.0,9.2,14.6,4.0,66.0,0.8,116.0,37.800003,-122.399994,America/Los_Angeles,2026-09-16 06:00:00,Moderate,False,False,2026-09-16
San Francisco,United States,54.0,9.1,14.3,3.9,65.0,0.8,116.0,37.800003,-122.399994,America/Los_Angeles,2026-09-16 07:00:00,Moderate,False,False,2026-09-16
San Francisco,United States,54.0,9.3,14.7,3.8,65.0,0.8,116.0,37.800003,-122.399994,America/Los_Angeles,2026-09-16 08:00:00,Moderate,False,False,2026-09-16
San Francisco,United States,53.0,10.3,16.4,3.4,66.0,0.8,116.0,37.800003,-122.399994,America/Los_Angeles,2026-09-16 09:00:00,Moderate,False,False,2026-09-16
San Francisco,United States,53.0,9.8,15.7,3.0,67.0,0.8,116.0,37.800003,-122.399994,America/Los_Angeles,2026-09-16 10:00:00,Moderate,False,False,2026-09-16
San Francisco,United States,53.0,10.0,15.8,2.6,69.0,0.8,116.0,37.800003,-122.399994,America/Los_Angeles,2026-09-16 11:00:00,Moderate,False,False,2026-09-16
San Francisco,United States,53.0,9.7,15.3,2.4,71.0,0.8,115.0,37.800003,-122.399994,America/Los_Angeles,2026-09-16 12:00:00,Moderate,False,False,2026-09-16
San Francisco,United States,52.0,9.8,15.2,2.4,74.0,0.8,115.0,37.800003,-122.399994,America/Los_Angeles,2026-09-16 13:00:00,Moderate,False,False,2026-09-16
San Francisco,United States,52.0,9.6,14.8,2.4,75.0,0.8,115.0,37.800003,-122.399994,America/Los_Angeles,2026-09-16 14:00:00,Moderate,False,False,2026-09-16
San Francisco,United States,52.0,9.6,14.8,2.3,75.0,0.8,117.0,37.800003,-122.399994,America/Los_Angeles,2026-09-16 15:00:00,Moderate,False,False,2026-09-16
San Francisco,United States,52.0,9.5,14.7,2.3,74.0,0.8,119.0,37.800003,-122.399994,America/Los_Angeles,2026-09-16 16:00:00,Moderate,False,False,2026-09-16
San Francisco,United States,51.0,8.9,14.1,2.7,75.0,0.7,122.0,37.800003,-122.399994,America/Los_Angeles,2026-09-16 17:00:00,Moderate,False,False,2026-09-16
San Francisco,United States,51.0,9.1,14.3,3.7,73.0,0.7,125.0,37.800003,-122.399994,America/Los_Angeles,2026-09-16 18:00:00,Moderate,False,False,2026-09-16
San Francisco,United States,51.0,9.1,14.2,5.0,69.0,0.8,128.0,37.800003,-122.399994,America/Los_Angeles,2026-09-16 19:00:00,Moderate,False,False,2026-09-16
San Francisco,United States,51.0,9.1,14.1,6.0,67.0,0.8,130.0,37.800003,-122.399994,America/Los_Angeles,2026-09-16 20:00:00,Moderate,False,False,2026-09-16
San Francisco,United States,51.0,9.1,14.0,6.4,66.0,0.8,132.0,37.800003,-122.399994,America/Los_Angeles,2026-09-16 21:00:00,Moderate,False,False,2026-09-16
San Francisco,United States,51.0,9.4,14.4,6.4,67.0,0.9,133.0,37.800003,-122.399994,America/Los_Angeles,2026-09-16 22:00:00,Moderate,False,False,2026-09-16
San Francisco,United States,51.0,9.6,14.6,6.3,67.0,0.9,134.0,37.800003,-122.399994,America/Los_Angeles,2026-09-16 23:00:00,Moderate,False,False,2026-09-16
San Francisco,United States,51.0,9.5,14.3,6.0,67.0,0.9,133.0,37.800003,-122.399994,America/Los_Angeles,2026-09-17 00:00:00,Moderate,False,False,2026-09-17
San Francisco,United States,51.0,9.4,14.3,5.6,68.0,0.8,132.0,37.800003,-122.399994,America/Los_Angeles,2026-09-17 01:00:00,Moderate,False,False,2026-09-17
San Francisco,United States,51.0,9.3,14.2,5.3,68.0,0.8,131.0,37.800003,-122.399994,America/Los_Angeles,2026-09-17 02:00:00,Moderate,False,False,2026-09-17
San Francisco,United States,51.0,9.3,14.3,5.3,67.0,0.8,130.0,37.800003,-122.399994,America/Los_Angeles,2026-09-17 03:00:00,Moderate,False,False,2026-09-17
San Francisco,United States,51.0,9.5,14.7,5.6,65.0,0.8,129.0,37.800003,-122.399994,America/Los_Angeles,2026-09-17 04:00:00,Moderate,False,False,2026-09-17
San Francisco,United States,51.0,10.4,16.5,7.7,57.0,0.7,129.0,37.800003,-122.399994,America/Los_Angeles,2026-09-17 05:00:00,Moderate,False,False,2026-09-17
San Francisco,United States,51.0,10.8,17.0,8.9,55.0,0.7,132.0,37.800003,-122.399994,America/Los_Angeles,2026-09-17 06:00:00,Moderate,False,False,2026-09-17
San Francisco,United States,51.0,10.9,16.9,10.5,53.0,0.8,136.0,37.800003,-122.399994,America/Los_Angeles,2026-09-17 07:00:00,Moderate,False,False,2026-09-17
San Francisco,United States,51.0,11.5,17.7,11.4,52.0,0.8,141.0,37.800003,-122.399994,America/Los_Angeles,2026-09-17 08:00:00,Moderate,False,False,2026-09-17
San Francisco,United States,51.0,12.0,18.8,10.9,54.0,0.8,146.0,37.800003,-122.399994,America/Los_Angeles,2026-09-17 09:00:00,Moderate,False,False,2026-09-17
San Francisco,United States,51.0,12.1,19.0,9.7,59.0,0.9,151.0,37.800003,-122.399994,America/Los_Angeles,2026-09-17 10:00:00,Moderate,False,False,2026-09-17
San Francisco,United States,52.0,12.3,19.2,8.5,63.0,0.9,153.0,37.800003,-122.399994,America/Los_Angeles,2026-09-17 11:00:00,Moderate,False,False,2026-09-17
San Francisco,United States,52.0,12.9,19.8,7.5,67.0,0.9,149.0,37.800003,-122.399994,America/Los_Angeles,2026-09-17 12:00:00,Moderate,False,False,2026-09-17
San Francisco,United States,52.0,13.4,20.1,6.5,72.0,1.0,142.0,37.800003,-122.399994,America/Los_Angeles,2026-09-17 13:00:00,Moderate,False,False,2026-09-17
San Francisco,United States,52.0,13.2,19.6,5.7,76.0,1.0,137.0,37.800003,-122.399994,America/Los_Angeles,2026-09-17 14:00:00,Moderate,False,False,2026-09-17
San Francisco,United States,53.0,12.4,18.3,5.2,79.0,1.0,135.0,37.800003,-122.399994,America/Los_Angeles,2026-09-17 15:00:00,Moderate,False,False,2026-09-17
San Francisco,United States,53.0,12.1,17.6,4.9,81.0,1.1,134.0,37.800003,-122.399994,America/Los_Angeles,2026-09-17 16:00:00,Moderate,False,False,2026-09-17
San Francisco,United States,53.0,11.1,16.2,5.1,82.0,1.0,135.0,37.800003,-122.399994,America/Los_Angeles,2026-09-17 17:00:00,Moderate,False,False,2026-09-17
San Francisco,United States,53.0,10.4,15.1,6.6,80.0,1.0,138.0,37.800003,-122.399994,America/Los_Angeles,2026-09-17 18:00:00,Moderate,False,False,2026-09-17
San Francisco,United States,53.0,9.7,13.9,8.6,78.0,1.1,143.0,37.800003,-122.399994,America/Los_Angeles,2026-09-17 19:00:00,Moderate,False,False,2026-09-17
San Francisco,United States,53.0,9.4,13.2,10.3,75.0,1.1,148.0,37.800003,-122.399994,America/Los_Angeles,2026-09-17 20:00:00,Moderate,False,False,2026-09-17
San Francisco,United States,53.0,9.3,13.2,11.2,73.0,1.2,153.0,37.800003,-122.399994,America/Los_Angeles,2026-09-17 21:00:00,Moderate,False,False,2026-09-17
San Francisco,United States,53.0,9.1,12.6,11.7,71.0,1.3,159.0,37.800003,-122.399994,America/Los_Angeles,2026-09-17 22:00:00,Moderate,False,False,2026-09-17
San Francisco,United States,53.0,9.2,12.5,12.4,69.0,1.3,161.0,37.800003,-122.399994,America/Los_Angeles,2026-09-17 23:00:00,Moderate,False,False,2026-09-17
San Francisco,United States,53.0,9.5,12.7,13.6,66.0,1.3,158.0,37.800003,-122.399994,America/Los_Angeles,2026-09-18 00:00:00,Moderate,False,False,2026-09-18
San Francisco,United States,53.0,9.9,13.0,15.0,64.0,1.2,151.0,37.800003,-122.399994,America/Los_Angeles,2026-09-18 01:00:00,Moderate,False,False,2026-09-18
San Francisco,United States,53.0,10.3,13.4,15.9,62.0,1.2,145.0,37.800003,-122.399994,America/Los_Angeles,2026-09-18 02:00:00,Moderate,False,False,2026-09-18
San Francisco,United States,54.0,10.8,13.7,16.0,61.0,1.2,140.0,37.800003,-122.399994,America/Los_Angeles,2026-09-18 03:00:00,Moderate,False,False,2026-09-18
San Francisco,United States,54.0,11.1,14.2,15.6,61.0,1.1,136.0,37.800003,-122.399994,America/Los_Angeles,2026-09-18 04:00:00,Moderate,False,False,2026-09-18
San Francisco,United States,54.0,11.3,14.5,14.8,62.0,1.1,133.0,37.800003,-122.399994,America/Los_Angeles,2026-09-18 05:00:00,Moderate,False,False,2026-09-18
San Francisco,United States,54.0,11.3,14.4,13.8,63.0,1.1,134.0,37.800003,-122.399994,America/Los_Angeles,2026-09-18 06:00:00,Moderate,False,False,2026-09-18
San Francisco,United States,54.0,11.2,14.6,12.4,65.0,1.1,136.0,37.800003,-122.399994,America/Los_Angeles,2026-09-18 07:00:00,Moderate,False,False,2026-09-18
San Francisco,United States,54.0,10.9,14.2,10.8,68.0,1.1,138.0,37.800003,-122.399994,America/Los_Angeles,2026-09-18 08:00:00,Moderate,False,False,2026-09-18
San Francisco,United States,54.0,10.0,13.5,8.8,72.0,1.1,138.0,37.800003,-122.399994,America/Los_Angeles,2026-09-18 09:00:00,Moderate,False,False,2026-09-18
San Francisco,United States,54.0,10.1,13.6,6.5,78.0,1.2,138.0,37.800003,-122.399994,America/Los_Angeles,2026-09-18 10:00:00,Moderate,False,False,2026-09-18
San Francisco,United States,54.0,10.2,13.9,4.8,83.0,1.2,137.0,37.800003,-122.399994,America/Los_Angeles,2026-09-18 11:00:00,Moderate,False,False,2026-09-18
San Francisco,United States,53.0,10.6,14.4,3.9,88.0,1.2,136.0,37.800003,-122.399994,America/Los_Angeles,2026-09-18 12:00:00,Moderate,False,False,2026-09-18
San Francisco,United States,53.0,10.8,14.7,3.6,93.0,1.1,135.0,37.800003,-122.399994,America/Los_Angeles,2026-09-18 13:00:00,Moderate,False,False,2026-09-18
San Francisco,United States,53.0,10.4,14.4,3.6,96.0,1.0,134.0,37.800003,-122.399994,America/Los_Angeles,2026-09-18 14:00:00,Moderate,False,False,2026-09-18
San Francisco,United States,53.0,9.9,13.7,3.8,95.0,0.9,134.0,37.800003,-122.399994,America/Los_Angeles,2026-09-18 15:00:00,Moderate,False,False,2026-09-18
San Francisco,United States,53.0,9.5,13.4,4.4,91.0,0.8,135.0,37.800003,-122.399994,America/Los_Angeles,2026-09-18 16:00:00,Moderate,False,False,2026-09-18
San Francisco,United States,52.0,9.1,13.2,5.1,87.0,0.7,136.0,37.800003,-122.399994,America/Los_Angeles,2026-09-18 17:00:00,Moderate,False,False,2026-09-18
San Francisco,United States,52.0,9.1,13.2,6.2,84.0,0.6,137.0,37.800003,-122.399994,America/Los_Angeles,2026-09-18 18:00:00,Moderate,False,False,2026-09-18
San Francisco,United States,52.0,8.9,13.2,7.4,82.0,0.6,137.0,37.800003,-122.399994,America/Los_Angeles,2026-09-18 19:00:00,Moderate,False,False,2026-09-18
San Francisco,United States,52.0,8.9,13.4,8.1,80.0,0.6,138.0,37.800003,-122.399994,America/Los_Angeles,2026-09-18 20:00:00,Moderate,False,False,2026-09-18
San Francisco,United States,52.0,8.7,13.0,7.7,79.0,0.6,139.0,37.800003,-122.399994,America/Los_Angeles,2026-09-18 21:00:00,Moderate,False,False,2026-09-18
San Francisco,United States,52.0,8.3,12.4,6.7,80.0,0.7,139.0,37.800003,-122.399994,America/Los_Angeles,2026-09-18 22:00:00,Moderate,False,False,2026-09-18
San Francisco,United States,52.0,8.3,12.3,6.0,79.0,0.7,138.0,37.800003,-122.399994,America/Los_Angeles,2026-09-18 23:00:00,Moderate,False,False,2026-09-18
San Francisco,United States,52.0,8.3,12.4,5.9,77.0,0.7,134.0,37.800003,-122.399994,America/Los_Angeles,2026-09-19 00:00:00,Moderate,False,False,2026-09-19
San Francisco,United States,52.0,8.6,12.8,6.0,74.0,0.7,129.0,37.800003,-122.399994,America/Los_Angeles,2026-09-19 01:00:00,Moderate,False,False,2026-09-19
San Francisco,United States,52.0,8.9,13.3,6.1,71.0,0.7,125.0,37.800003,-122.399994,America/Los_Angeles,2026-09-19 02:00:00,Moderate,False,False,2026-09-19
San Francisco,United States,52.0,9.1,13.7,6.0,69.0,0.7,122.0,37.800003,-122.399994,America/Los_Angeles,2026-09-19 03:00:00,Moderate,False,False,2026-09-19
San Francisco,United States,51.0,9.5,14.3,5.9,67.0,0.8,120.0,37.800003,-122.399994,America/Los_Angeles,2026-09-19 04:00:00,Moderate,False,False,2026-09-19
San Francisco,United States,51.0,9.7,14.6,6.0,65.0,0.8,120.0,37.800003,-122.399994,America/Los_Angeles,2026-09-19 05:00:00,Moderate,False,False,2026-09-19
San Francisco,United States,51.0,9.8,14.8,6.5,63.0,0.8,122.0,37.800003,-122.399994,America/Los_Angeles,2026-09-19 06:00:00,Moderate,False,False,2026-09-19
San Francisco,United States,51.0,10.0,14.9,7.2,60.0,0.8,125.0,37.800003,-122.399994,America/Los_Angeles,2026-09-19 07:00:00,Moderate,False,False,2026-09-19
San Francisco,United States,51.0,10.1,15.0,7.4,60.0,0.8,128.0,37.800003,-122.399994,America/Los_Angeles,2026-09-19 08:00:00,Moderate,False,False,2026-09-19
San Francisco,United States,51.0,11.5,17.3,6.6,63.0,0.9,129.0,37.800003,-122.399994,America/Los_Angeles,2026-09-19 09:00:00,Moderate,False,False,2026-09-19
San Francisco,United States,51.0,10.3,15.7,5.4,67.0,0.9,130.0,37.800003,-122.399994,America/Los_Angeles,2026-09-19 10:00:00,Moderate,False,False,2026-09-19
San Francisco,United States,51.0,10.5,16.1,4.4,71.0,1.0,130.0,37.800003,-122.399994,America/Los_Angeles,2026-09-19 11:00:00,Moderate,False,False,2026-09-19
San Francisco,United States,51.0,10.8,16.5,3.9,73.0,1.0,128.0,37.800003,-122.399994,America/Los_Angeles,2026-09-19 12:00:00,Moderate,False,False,2026-09-19
San Francisco,United States,51.0,11.1,16.8,3.7,74.0,0.9,125.0,37.800003,-122.399994,America/Los_Angeles,2026-09-19 13:00:00,Moderate,False,False,2026-09-19
San Francisco,United States,51.0,11.4,17.3,3.6,74.0,0.9,123.0,37.800003,-122.399994,America/Los_Angeles,2026-09-19 14:00:00,Moderate,False,False,2026-09-19
San Francisco,United States,51.0,11.3,17.3,3.6,73.0,0.9,123.0,37.800003,-122.399994,America/Los_Angeles,2026-09-19 15:00:00,Moderate,False,False,2026-09-19
San Francisco,United States,51.0,11.4,17.4,3.8,72.0,0.8,124.0,37.800003,-122.399994,America/Los_Angeles,2026-09-19 16:00:00,Moderate,False,False,2026-09-19
San Francisco,United States,51.0,11.4,17.6,4.3,70.0,0.8,125.0,37.800003,-122.399994,America/Los_Angeles,2026-09-19 17:00:00,Moderate,False,False,2026-09-19
San Francisco,United States,52.0,11.7,18.0,5.5,67.0,0.8,127.0,37.800003,-122.399994,America/Los_Angeles,2026-09-19 18:00:00,Moderate,False,False,2026-09-19
San Francisco,United States,52.0,11.9,18.4,7.1,64.0,0.8,128.0,37.800003,-122.399994,America/Los_Angeles,2026-09-19 19:00:00,Moderate,False,False,2026-09-19
San Francisco,United States,52.0,12.1,18.6,8.3,62.0,0.8,129.0,37.800003,-122.399994,America/Los_Angeles,2026-09-19 20:00:00,Moderate,False,False,2026-09-19
San Francisco,United States,52.0,11.9,18.2,8.9,61.0,0.8,128.0,37.800003,-122.399994,America/Los_Angeles,2026-09-19 21:00:00,Moderate,False,False,2026-09-19
San Francisco,United States,53.0,11.7,17.9,9.1,61.0,0.9,125.0,37.800003,-122.399994,America/Los_Angeles,2026-09-19 22:00:00,Moderate,False,False,2026-09-19
San Francisco,United States,53.0,11.6,17.8,9.1,61.0,0.9,123.0,37.800003,-122.399994,America/Los_Angeles,2026-09-19 23:00:00,Moderate,False,False,2026-09-19
San Francisco,United States,53.0,11.5,17.5,9.0,60.0,0.8,121.0,37.800003,-122.399994,America/Los_Angeles,2026-09-20 00:00:00,Moderate,False,False,2026-09-20
San Francisco,United States,53.0,11.3,17.2,8.7,60.0,0.8,119.0,37.800003,-122.399994,America/Los_Angeles,2026-09-20 01:00:00,Moderate,False,False,2026-09-20
San Francisco,United States,53.0,11.1,16.9,8.2,60.0,0.7,117.0,37.800003,-122.399994,America/Los_Angeles,2026-09-20 02:00:00,Moderate,False,False,2026-09-20
San Francisco,United States,54.0,10.7,16.1,7.3,62.0,0.7,117.0,37.800003,-122.399994,America/Los_Angeles,2026-09-20 03:00:00,Moderate,False,False,2026-09-20
San Francisco,United States,54.0,10.1,15.3,6.1,64.0,0.7,117.0,37.800003,-122.399994,America/Los_Angeles,2026-09-20 04:00:00,Moderate,False,False,2026-09-20
San Francisco,United States,54.0,9.7,14.6,5.2,66.0,0.7,117.0,37.800003,-122.399994,America/Los_Angeles,2026-09-20 05:00:00,Moderate,False,False,2026-09-20
San Francisco,United States,54.0,9.1,13.6,4.8,66.0,0.8,117.0,37.800003,-122.399994,America/Los_Angeles,2026-09-20 06:00:00,Moderate,False,False,2026-09-20
San Francisco,United States,54.0,8.8,13.2,4.7,65.0,0.8,117.0,37.800003,-122.399994,America/Los_Angeles,2026-09-20 07:00:00,Moderate,False,False,2026-09-20
San Francisco,United States,54.0,9.1,13.6,4.6,65.0,0.9,117.0,37.800003,-122.399994,America/Los_Angeles,2026-09-20 08:00:00,Moderate,False,False,2026-09-20
San Francisco,United States,54.0,9.1,13.8,4.5,65.0,0.9,117.0,37.800003,-122.399994,America/Los_Angeles,2026-09-20 09:00:00,Moderate,False,False,2026-09-20
San Francisco,United States,53.0,9.5,14.4,4.3,66.0,1.0,118.0,37.800003,-122.399994,America/Los_Angeles,2026-09-20 10:00:00,Moderate,False,False,2026-09-20
San Francisco,United States,53.0,9.6,14.7,4.2,67.0,1.0,118.0,37.800003,-122.399994,America/Los_Angeles,2026-09-20 11:00:00,Moderate,False,False,2026-09-20
San Francisco,United States,53.0,9.8,15.1,4.0,68.0,1.0,118.0,37.800003,-122.399994,America/Los_Angeles,2026-09-20 12:00:00,Moderate,False,False,2026-09-20
San Francisco,United States,53.0,10.2,15.8,3.7,68.0,1.0,117.0,37.800003,-122.399994,America/Los_Angeles,2026-09-20 13:00:00,Moderate,False,False,2026-09-20
San Francisco,United States,53.0,10.4,16.0,3.5,69.0,1.0,117.0,37.800003,-122.399994,America/Los_Angeles,2026-09-20 14:00:00,Moderate,False,False,2026-09-20
San Francisco,United States,53.0,10.5,16.0,3.2,70.0,1.0,116.0,37.800003,-122.399994,America/Los_Angeles,2026-09-20 15:00:00,Moderate,False,False,2026-09-20
San Francisco,United States,53.0,10.7,16.4,2.9,71.0,0.9,116.0,37.800003,-122.399994,America/Los_Angeles,2026-09-20 16:00:00,Moderate,False,False,2026-09-20
San Francisco,United States,53.0,10.9,16.8,3.2,71.0,0.9,116.0,37.800003,-122.399994,America/Los_Angeles,2026-09-20 17:00:00,Moderate,False,False,2026-09-20
San Francisco,United States,53.0,11.1,17.1,4.6,69.0,0.9,117.0,37.800003,-122.399994,America/Los_Angeles,2026-09-20 18:00:00,Moderate,False,False,2026-09-20
San Francisco,United States,53.0,11.2,17.3,6.7,66.0,1.0,119.0,37.800003,-122.399994,America/Los_Angeles,2026-09-20 19:00:00,Moderate,False,False,2026-09-20
San Francisco,United States,53.0,11.2,17.2,8.3,63.0,1.0,120.0,37.800003,-122.399994,America/Los_Angeles,2026-09-20 20:00:00,Moderate,False,False,2026-09-20
San Francisco,United States,53.0,11.4,17.5,9.2,62.0,1.0,120.0,37.800003,-122.399994,America/Los_Angeles,2026-09-20 21:00:00,Moderate,False,False,2026-09-20
San Francisco,United States,53.0,11.5,17.5,9.6,61.0,1.0,120.0,37.800003,-122.399994,America/Los_Angeles,2026-09-20 22:00:00,Moderate,False,False,2026-09-20
San Francisco,United States,53.0,11.8,18.2,9.7,60.0,1.0,119.0,37.800003,-122.399994,America/Los_Angeles,2026-09-20 23:00:00,Moderate,False,False,2026-09-20
San Francisco,United States,53.0,12.0,18.6,9.2,60.0,1.0,118.0,37.800003,-122.399994,America/Los_Angeles,2026-09-21 00:00:00,Moderate,False,False,2026-09-21
San Francisco,United States,53.0,12.2,18.8,8.3,60.0,0.9,116.0,37.800003,-122.399994,America/Los_Angeles,2026-09-21 01:00:00,Moderate,False,False,2026-09-21
San Francisco,United States,53.0,12.2,18.7,7.6,60.0,0.9,114.0,37.800003,-122.399994,America/Los_Angeles,2026-09-21 02:00:00,Moderate,False,False,2026-09-21
San Francisco,United States,53.0,12.1,18.6,7.4,60.0,0.9,112.0,37.800003,-122.399994,America/Los_Angeles,2026-09-21 03:00:00,Moderate,False,False,2026-09-21
San Francisco,United States,53.0,11.8,18.0,7.3,59.0,0.8,110.0,37.800003,-122.399994,America/Los_Angeles,2026-09-21 04:00:00,Moderate,False,False,2026-09-21
San Francisco,United States,53.0,11.4,17.3,7.2,59.0,0.8,109.0,37.800003,-122.399994,America/Los_Angeles,2026-09-21 05:00:00,Moderate,False,False,2026-09-21
San Francisco,United States,53.0,11.1,16.8,6.9,59.0,0.8,111.0,37.800003,-122.399994,America/Los_Angeles,2026-09-21 06:00:00,Moderate,False,False,2026-09-21
San Francisco,United States,53.0,10.7,16.2,6.6,60.0,0.9,114.0,37.800003,-122.399994,America/Los_Angeles,2026-09-21 07:00:00,Moderate,False,False,2026-09-21
San Francisco,United States,54.0,10.5,16.1,6.1,61.0,0.9,116.0,37.800003,-122.399994,America/Los_Angeles,2026-09-21 08:00:00,Moderate,False,False,2026-09-21
San Francisco,United States,54.0,9.9,15.3,5.4,63.0,0.9,117.0,37.800003,-122.399994,America/Los_Angeles,2026-09-21 09:00:00,Moderate,False,False,2026-09-21
San Francisco,United States,54.0,9.4,14.5,4.5,65.0,1.0,118.0,37.800003,-122.399994,America/Los_Angeles,2026-09-21 10:00:00,Moderate,False,False,2026-09-21
San Francisco,United States,54.0,9.2,14.2,3.8,68.0,1.0,118.0,37.800003,-122.399994,America/Los_Angeles,2026-09-21 11:00:00,Moderate,False,False,2026-09-21
San Francisco,United States,54.0,9.3,14.4,3.2,71.0,1.0,117.0,37.800003,-122.399994,America/Los_Angeles,2026-09-21 12:00:00,Moderate,False,False,2026-09-21
San Francisco,United States,54.0,9.8,15.1,2.7,73.0,0.9,115.0,37.800003,-122.399994,America/Los_Angeles,2026-09-21 13:00:00,Moderate,False,False,2026-09-21
San Francisco,United States,54.0,10.1,15.6,2.5,75.0,0.9,114.0,37.800003,-122.399994,America/Los_Angeles,2026-09-21 14:00:00,Moderate,False,False,2026-09-21
San Francisco,United States,54.0,10.5,16.2,2.8,74.0,0.9,113.0,37.800003,-122.399994,America/Los_Angeles,2026-09-21 15:00:00,Moderate,False,False,2026-09-21
San Francisco,United States,54.0,10.7,16.6,3.4,73.0,0.9,113.0,37.800003,-122.399994,America/Los_Angeles,2026-09-21 16:00:00,Moderate,False,False,2026-09-21
San Francisco,United States,54.0,11.0,17.1,4.1,71.0,0.9,119.3,37.800003,-122.399994,America/Los_Angeles,2026-09-21 17:00:00,Moderate,False,False,2026-09-21
San Francisco,United States,54.0,11.2,17.3,5.0,69.0,0.9,126.0,37.800003,-122.399994,America/Los_Angeles,2026-09-21 18:00:00,Moderate,False,False,2026-09-21
San Francisco,United States,54.0,11.4,17.6,6.0,68.0,0.9,134.0,37.800003,-122.399994,America/Los_Angeles,2026-09-21 19:00:00,Moderate,False,False,2026-09-21
San Francisco,United States,54.0,11.7,18.0,6.8,67.0,0.9,143.0,37.800003,-122.399994,America/Los_Angeles,2026-09-21 20:00:00,Moderate,False,False,2026-09-21
San Francisco,United States,54.0,11.6,17.6,7.1,67.0,0.9,144.0,37.800003,-122.399994,America/Los_Angeles,2026-09-21 21:00:00,Moderate,False,False,2026-09-21
San Francisco,United States,54.0,11.4,17.2,7.3,68.0,1.0,145.0,37.800003,-122.399994,America/Los_Angeles,2026-09-21 22:00:00,Moderate,False,False,2026-09-21
San Francisco,United States,54.0,11.6,17.3,7.3,68.0,1.0,145.0,37.800003,-122.399994,America/Los_Angeles,2026-09-21 23:00:00,Moderate,False,False,2026-09-21
San Francisco,United States,54.0,11.6,17.3,7.3,68.0,1.0,145.0,37.800003,-122.399994,America/Los_Angeles,2026-09-22 00:00:00,Moderate,False,False,2026-09-22
San Francisco,United States,54.0,11.5,17.1,7.3,67.0,0.9,145.0,37.800003,-122.399994,America/Los_Angeles,2026-09-22 01:00:00,Moderate,False,False,2026-09-22
San Francisco,United States,54.0,11.3,16.6,7.3,66.0,0.9,145.0,37.800003,-122.399994,America/Los_Angeles,2026-09-22 02:00:00,Moderate,False,False,2026-09-22
San Francisco,United States,54.0,11.1,16.3,7.2,65.0,0.9,144.0,37.800003,-122.399994,America/Los_Angeles,2026-09-22 03:00:00,Moderate,False,False,2026-09-22
San Francisco,United States,53.0,10.6,15.6,7.1,63.0,0.9,144.0,37.800003,-122.399994,America/Los_Angeles,2026-09-22 04:00:00,Moderate,False,False,2026-09-22
San Francisco,United States,53.0,10.1,14.8,7.2,61.0,0.9,144.0,37.800003,-122.399994,America/Los_Angeles,2026-09-22 05:00:00,Moderate,False,False,2026-09-22
San Francisco,United States,53.0,9.6,14.1,7.7,58.0,0.9,146.0,37.800003,-122.399994,America/Los_Angeles,2026-09-22 06:00:00,Moderate,False,False,2026-09-22
San Francisco,United States,53.0,9.3,13.4,8.4,56.0,1.0,149.0,37.800003,-122.399994,America/Los_Angeles,2026-09-22 07:00:00,Moderate,False,False,2026-09-22
San Francisco,United States,53.0,9.2,13.1,8.6,54.0,1.0,151.0,37.800003,-122.399994,America/Los_Angeles,2026-09-22 08:00:00,Moderate,False,False,2026-09-22
San Francisco,United States,53.0,9.2,13.3,7.8,55.0,1.1,149.0,37.800003,-122.399994,America/Los_Angeles,2026-09-22 09:00:00,Moderate,False,False,2026-09-22
San Francisco,United States,53.0,8.7,12.8,6.5,56.0,1.1,146.0,37.800003,-122.399994,America/Los_Angeles,2026-09-22 10:00:00,Moderate,False,False,2026-09-22
San Francisco,United States,53.0,8.4,12.3,5.4,58.0,1.2,143.0,37.800003,-122.399994,America/Los_Angeles,2026-09-22 11:00:00,Moderate,False,False,2026-09-22
San Francisco,United States,53.0,8.5,12.5,4.7,59.0,1.2,142.0,37.800003,-122.399994,America/Los_Angeles,2026-09-22 12:00:00,Moderate,False,False,2026-09-22
San Francisco,United States,53.0,8.7,12.9,4.2,60.0,1.2,141.0,37.800003,-122.399994,America/Los_Angeles,2026-09-22 13:00:00,Moderate,False,False,2026-09-22
San Francisco,United States,53.0,9.0,13.3,4.0,60.0,1.2,141.0,37.800003,-122.399994,America/Los_Angeles,2026-09-22 14:00:00,Moderate,False,False,2026-09-22
San Francisco,United States,53.0,9.3,13.8,4.3,60.0,1.2,141.0,37.800003,-122.399994,America/Los_Angeles,2026-09-22 15:00:00,Moderate,False,False,2026-09-22
San Francisco,United States,52.0,9.8,14.4,5.0,59.0,1.1,142.0,37.800003,-122.399994,America/Los_Angeles,2026-09-22 16:00:00,Moderate,False,False,2026-09-22
San Francisco,United States,52.0,10.3,15.2,5.5,58.0,1.1,142.0,37.800003,-122.399994,America/Los_Angeles,2026-09-22 17:00:00,Moderate,False,False,2026-09-22
San Francisco,United States,52.0,,,,,,,37.800003,-122.399994,America/Los_Angeles,2026-09-22 18:00:00,Moderate,False,False,2026-09-22
San Francisco,United States,,,,,,,,37.800003,-122.399994,America/Los_Angeles,2026-09-22 19:00:00,Unknown,False,False,2026-09-22
San Francisco,United States,,,,,,,,37.800003,-122.399994,America/Los_Angeles,2026-09-22 20:00:00,Unknown,False,False,2026-09-22
San Francisco,United States,,,,,,,,37.800003,-122.399994,America/Los_Angeles,2026-09-22 21:00:00,Unknown,False,False,2026-09-22
San Francisco,United States,,,,,,,,37.800003,-122.399994,America/Los_Angeles,2026-09-22 22:00:00,Unknown,False,False,2026-09-22
San Francisco,United States,,,,,,,,37.800003,-122.399994,America/Los_Angeles,2026-09-22 23:00:00,Unknown,False,False,2026-09-22
Singapore,Singapore,104.0,21.8,25.8,17.5,70.0,5.5,509.0,1.4000015,103.80002,Asia/Singapore,2026-09-16 00:00:00,Unhealthy for Sensitive Groups,True,False,2026-09-16
Singapore,Singapore,102.0,20.8,24.7,17.3,72.0,5.3,524.0,1.4000015,103.80002,Asia/Singapore,2026-09-16 01:00:00,Unhealthy for Sensitive Groups,True,False,2026-09-16
Singapore,Singapore,100.0,19.4,23.3,16.9,72.0,5.1,519.0,1.4000015,103.80002,Asia/Singapore,2026-09-16 02:00:00,Moderate,False,False,2026-09-16
Singapore,Singapore,98.0,17.6,21.5,15.9,70.0,4.8,437.0,1.4000015,103.80002,Asia/Singapore,2026-09-16 03:00:00,Moderate,False,False,2026-09-16
Singapore,Singapore,97.0,14.8,18.8,14.7,66.0,4.4,336.0,1.4000015,103.80002,Asia/Singapore,2026-09-16 04:00:00,Moderate,False,False,2026-09-16
Singapore,Singapore,95.0,12.2,16.2,14.0,62.0,4.3,317.0,1.4000015,103.80002,Asia/Singapore,2026-09-16 05:00:00,Moderate,False,False,2026-09-16
Singapore,Singapore,93.0,11.3,15.7,14.2,59.0,4.6,471.0,1.4000015,103.80002,Asia/Singapore,2026-09-16 06:00:00,Moderate,False,False,2026-09-16
Singapore,Singapore,91.0,12.8,17.6,14.9,57.0,5.2,708.0,1.4000015,103.80002,Asia/Singapore,2026-09-16 07:00:00,Moderate,False,False,2026-09-16
Singapore,Singapore,89.0,17.2,23.2,17.1,54.0,6.4,852.0,1.4000015,103.80002,Asia/Singapore,2026-09-16 08:00:00,Moderate,False,False,2026-09-16
Singapore,Singapore,87.0,20.5,27.0,16.7,58.0,7.2,794.0,1.4000015,103.80002,Asia/Singapore,2026-09-16 09:00:00,Moderate,False,False,2026-09-16
Singapore,Singapore,85.0,23.3,30.3,16.1,63.0,8.2,645.0,1.4000015,103.80002,Asia/Singapore,2026-09-16 10:00:00,Moderate,False,False,2026-09-16
Singapore,Singapore,83.0,25.4,32.7,15.7,67.0,8.9,561.0,1.4000015,103.80002,Asia/Singapore,2026-09-16 11:00:00,Moderate,False,False,2026-09-16
Singapore,Singapore,81.0,26.5,34.1,15.5,69.0,9.0,645.0,1.4000015,103.80002,Asia/Singapore,2026-09-16 12:00:00,Moderate,False,False,2026-09-16
Singapore,Singapore,79.0,26.9,34.5,15.4,71.0,8.8,795.0,1.4000015,103.80002,Asia/Singapore,2026-09-16 13:00:00,Moderate,False,False,2026-09-16
Singapore,Singapore,78.0,26.2,33.6,15.8,71.0,8.6,864.0,1.4000015,103.80002,Asia/Singapore,2026-09-16 14:00:00,Moderate,False,False,2026-09-16
Singapore,Singapore,76.0,24.9,32.2,16.8,69.0,8.6,743.0,1.4000015,103.80002,Asia/Singapore,2026-09-16 15:00:00,Moderate,False,False,2026-09-16
Singapore,Singapore,75.0,24.0,31.0,18.3,66.0,8.7,541.0,1.4000015,103.80002,Asia/Singapore,2026-09-16 16:00:00,Moderate,False,False,2026-09-16
Singapore,Singapore,75.0,22.9,29.4,20.3,63.0,8.7,444.0,1.4000015,103.80002,Asia/Singapore,2026-09-16 17:00:00,Moderate,False,False,2026-09-16
Singapore,Singapore,74.0,22.8,29.0,23.5,60.0,8.7,571.0,1.4000015,103.80002,Asia/Singapore,2026-09-16 18:00:00,Moderate,False,False,2026-09-16
Singapore,Singapore,74.0,22.4,28.3,27.2,56.0,8.7,803.0,1.4000015,103.80002,Asia/Singapore,2026-09-16 19:00:00,Moderate,False,False,2026-09-16
Singapore,Singapore,74.0,26.0,32.7,35.4,45.0,10.7,964.0,1.4000015,103.80002,Asia/Singapore,2026-09-16 20:00:00,Moderate,False,False,2026-09-16
Singapore,Singapore,73.0,24.6,31.1,33.0,48.0,10.2,976.0,1.4000015,103.80002,Asia/Singapore,2026-09-16 21:00:00,Moderate,False,False,2026-09-16
Singapore,Singapore,73.0,23.3,29.6,29.5,52.0,9.4,918.0,1.4000015,103.80002,Asia/Singapore,2026-09-16 22:00:00,Moderate,False,False,2026-09-16
Singapore,Singapore,73.0,21.7,27.8,26.3,55.0,8.5,846.0,1.4000015,103.80002,Asia/Singapore,2026-09-16 23:00:00,Moderate,False,False,2026-09-16
Singapore,Singapore,73.0,20.0,25.8,23.6,55.0,7.5,780.0,1.4000015,103.80002,Asia/Singapore,2026-09-17 00:00:00,Moderate,False,False,2026-09-17
Singapore,Singapore,73.0,17.8,23.3,21.0,53.0,6.4,701.0,1.4000015,103.80002,Asia/Singapore,2026-09-17 01:00:00,Moderate,False,False,2026-09-17
Singapore,Singapore,73.0,15.3,20.5,19.0,52.0,5.5,608.0,1.4000015,103.80002,Asia/Singapore,2026-09-17 02:00:00,Moderate,False,False,2026-09-17
Singapore,Singapore,72.0,13.1,17.9,17.5,51.0,5.0,467.0,1.4000015,103.80002,Asia/Singapore,2026-09-17 03:00:00,Moderate,False,False,2026-09-17
Singapore,Singapore,72.0,12.0,16.5,16.4,50.0,4.7,313.0,1.4000015,103.80002,Asia/Singapore,2026-09-17 04:00:00,Moderate,False,False,2026-09-17
Singapore,Singapore,72.0,13.6,18.2,16.1,55.0,4.7,247.0,1.4000015,103.80002,Asia/Singapore,2026-09-17 05:00:00,Moderate,False,False,2026-09-17
Singapore,Singapore,72.0,19.0,23.8,17.0,68.0,5.1,358.0,1.4000015,103.80002,Asia/Singapore,2026-09-17 06:00:00,Moderate,False,False,2026-09-17
Singapore,Singapore,73.0,28.1,33.4,18.6,87.0,5.8,557.0,1.4000015,103.80002,Asia/Singapore,2026-09-17 07:00:00,Moderate,False,False,2026-09-17
Singapore,Singapore,74.0,26.7,31.1,18.7,89.0,6.7,683.0,1.4000015,103.80002,Asia/Singapore,2026-09-17 08:00:00,Moderate,False,False,2026-09-17
Singapore,Singapore,74.0,33.3,37.6,19.1,105.0,7.3,652.0,1.4000015,103.80002,Asia/Singapore,2026-09-17 09:00:00,Moderate,False,False,2026-09-17
Singapore,Singapore,75.0,36.6,41.0,19.7,126.0,8.1,548.0,1.4000015,103.80002,Asia/Singapore,2026-09-17 10:00:00,Moderate,False,False,2026-09-17
Singapore,Singapore,77.0,38.1,42.8,19.9,144.0,8.8,463.0,1.4000015,103.80002,Asia/Singapore,2026-09-17 11:00:00,Moderate,False,False,2026-09-17
Singapore,Singapore,78.0,37.8,42.7,19.0,156.0,9.1,425.0,1.4000015,103.80002,Asia/Singapore,2026-09-17 12:00:00,Moderate,False,False,2026-09-17
Singapore,Singapore,78.0,36.6,41.9,17.8,164.0,9.2,404.0,1.4000015,103.80002,Asia/Singapore,2026-09-17 13:00:00,Moderate,False,False,2026-09-17
Singapore,Singapore,79.0,34.8,40.6,17.5,165.0,9.3,408.0,1.4000015,103.80002,Asia/Singapore,2026-09-17 14:00:00,Moderate,False,False,2026-09-17
Singapore,Singapore,87.0,31.9,38.1,18.9,153.0,9.4,385.0,1.4000015,103.80002,Asia/Singapore,2026-09-17 15:00:00,Moderate,False,False,2026-09-17
Singapore,Singapore,101.0,28.5,34.5,21.2,133.0,9.4,385.0,1.4000015,103.80002,Asia/Singapore,2026-09-17 16:00:00,Unhealthy for Sensitive Groups,True,False,2026-09-17
Singapore,Singapore,110.0,25.8,31.3,23.7,116.0,9.4,567.0,1.4000015,103.80002,Asia/Singapore,2026-09-17 17:00:00,Unhealthy for Sensitive Groups,True,False,2026-09-17
Singapore,Singapore,113.0,24.7,29.7,26.5,105.0,9.5,1157.0,1.4000015,103.80002,Asia/Singapore,2026-09-17 18:00:00,Unhealthy for Sensitive Groups,True,False,2026-09-17
Singapore,Singapore,108.0,25.1,29.7,29.4,98.0,9.7,1928.0,1.4000015,103.80002,Asia/Singapore,2026-09-17 19:00:00,Unhealthy for Sensitive Groups,True,False,2026-09-17
Singapore,Singapore,98.0,20.8,25.6,30.1,72.0,10.2,2361.0,1.4000015,103.80002,Asia/Singapore,2026-09-17 20:00:00,Moderate,False,False,2026-09-17
Singapore,Singapore,81.0,18.3,22.7,27.1,79.0,9.4,2134.0,1.4000015,103.80002,Asia/Singapore,2026-09-17 21:00:00,Moderate,False,False,2026-09-17
Singapore,Singapore,80.0,17.7,21.8,22.9,87.0,8.3,1569.0,1.4000015,103.80002,Asia/Singapore,2026-09-17 22:00:00,Moderate,False,False,2026-09-17
Singapore,Singapore,80.0,18.6,22.4,19.9,94.0,7.4,1112.0,1.4000015,103.80002,Asia/Singapore,2026-09-17 23:00:00,Moderate,False,False,2026-09-17
Singapore,Singapore,80.0,19.5,22.9,19.1,97.0,7.0,935.0,1.4000015,103.80002,Asia/Singapore,2026-09-18 00:00:00,Moderate,False,False,2026-09-18
Singapore,Singapore,80.0,19.9,23.1,19.3,97.0,6.8,867.0,1.4000015,103.80002,Asia/Singapore,2026-09-18 01:00:00,Moderate,False,False,2026-09-18
Singapore,Singapore,80.0,19.5,22.6,19.7,94.0,6.6,837.0,1.4000015,103.80002,Asia/Singapore,2026-09-18 02:00:00,Moderate,False,False,2026-09-18
Singapore,Singapore,80.0,18.2,21.4,19.7,87.0,6.4,830.0,1.4000015,103.80002,Asia/Singapore,2026-09-18 03:00:00,Moderate,False,False,2026-09-18
Singapore,Singapore,81.0,16.1,19.3,19.9,78.0,6.2,861.0,1.4000015,103.80002,Asia/Singapore,2026-09-18 04:00:00,Moderate,False,False,2026-09-18
Singapore,Singapore,81.0,13.9,17.3,20.5,70.0,6.3,905.0,1.4000015,103.80002,Asia/Singapore,2026-09-18 05:00:00,Moderate,False,False,2026-09-18
Singapore,Singapore,81.0,12.2,15.8,22.2,63.0,7.0,983.0,1.4000015,103.80002,Asia/Singapore,2026-09-18 06:00:00,Moderate,False,False,2026-09-18
Singapore,Singapore,80.0,11.4,15.3,24.4,58.0,8.0,1074.0,1.4000015,103.80002,Asia/Singapore,2026-09-18 07:00:00,Moderate,False,False,2026-09-18
Singapore,Singapore,79.0,17.1,23.1,21.4,63.0,7.2,1089.0,1.4000015,103.80002,Asia/Singapore,2026-09-18 08:00:00,Moderate,False,False,2026-09-18
Singapore,Singapore,78.0,19.3,25.7,20.1,68.0,7.7,954.0,1.4000015,103.80002,Asia/Singapore,2026-09-18 09:00:00,Moderate,False,False,2026-09-18
Singapore,Singapore,77.0,21.4,28.3,18.3,74.0,8.3,743.0,1.4000015,103.80002,Asia/Singapore,2026-09-18 10:00:00,Moderate,False,False,2026-09-18
Singapore,Singapore,76.0,23.8,31.3,17.1,82.0,8.9,586.0,1.4000015,103.80002,Asia/Singapore,2026-09-18 11:00:00,Moderate,False,False,2026-09-18
Singapore,Singapore,75.0,26.4,34.5,16.9,91.0,9.3,540.0,1.4000015,103.80002,Asia/Singapore,2026-09-18 12:00:00,Moderate,False,False,2026-09-18
Singapore,Singapore,74.0,30.0,38.4,17.3,101.0,9.5,549.0,1.4000015,103.80002,Asia/Singapore,2026-09-18 13:00:00,Moderate,False,False,2026-09-18
Singapore,Singapore,73.0,32.4,41.1,18.4,108.0,9.6,576.0,1.4000015,103.80002,Asia/Singapore,2026-09-18 14:00:00,Moderate,False,False,2026-09-18
Singapore,Singapore,73.0,34.0,42.8,20.6,109.0,9.3,578.0,1.4000015,103.80002,Asia/Singapore,2026-09-18 15:00:00,Moderate,False,False,2026-09-18
Singapore,Singapore,73.0,34.0,42.8,23.5,106.0,8.9,597.0,1.4000015,103.80002,Asia/Singapore,2026-09-18 16:00:00,Moderate,False,False,2026-09-18
Singapore,Singapore,74.0,34.3,42.6,25.9,102.0,8.6,731.0,1.4000015,103.80002,Asia/Singapore,2026-09-18 17:00:00,Moderate,False,False,2026-09-18
Singapore,Singapore,75.0,35.4,43.2,27.0,97.0,8.6,1110.0,1.4000015,103.80002,Asia/Singapore,2026-09-18 18:00:00,Moderate,False,False,2026-09-18
Singapore,Singapore,75.0,36.1,44.0,27.7,90.0,8.7,1603.0,1.4000015,103.80002,Asia/Singapore,2026-09-18 19:00:00,Moderate,False,False,2026-09-18
Singapore,Singapore,76.0,36.6,44.7,28.8,83.0,8.9,1909.0,1.4000015,103.80002,Asia/Singapore,2026-09-18 20:00:00,Moderate,False,False,2026-09-18
Singapore,Singapore,78.0,37.0,45.5,31.3,76.0,9.2,1846.0,1.4000015,103.80002,Asia/Singapore,2026-09-18 21:00:00,Moderate,False,False,2026-09-18
Singapore,Singapore,79.0,37.6,46.0,34.2,69.0,9.7,1597.0,1.4000015,103.80002,Asia/Singapore,2026-09-18 22:00:00,Moderate,False,False,2026-09-18
Singapore,Singapore,81.0,38.5,46.6,36.4,65.0,10.1,1412.0,1.4000015,103.80002,Asia/Singapore,2026-09-18 23:00:00,Moderate,False,False,2026-09-18
Singapore,Singapore,82.0,38.9,46.8,37.5,63.0,10.5,1397.0,1.4000015,103.80002,Asia/Singapore,2026-09-19 00:00:00,Moderate,False,False,2026-09-19
Singapore,Singapore,84.0,40.7,48.3,37.8,63.0,10.9,1447.0,1.4000015,103.80002,Asia/Singapore,2026-09-19 01:00:00,Moderate,False,False,2026-09-19
Singapore,Singapore,85.0,42.3,49.5,36.6,69.0,11.1,1494.0,1.4000015,103.80002,Asia/Singapore,2026-09-19 02:00:00,Moderate,False,False,2026-09-19
Singapore,Singapore,87.0,46.2,53.6,32.6,84.0,10.8,1532.0,1.4000015,103.80002,Asia/Singapore,2026-09-19 03:00:00,Moderate,False,False,2026-09-19
Singapore,Singapore,89.0,52.3,59.8,27.2,105.0,10.3,1566.0,1.4000015,103.80002,Asia/Singapore,2026-09-19 04:00:00,Moderate,False,False,2026-09-19
Singapore,Singapore,92.0,57.6,65.4,23.7,122.0,10.2,1548.0,1.4000015,103.80002,Asia/Singapore,2026-09-19 05:00:00,Moderate,False,False,2026-09-19
Singapore,Singapore,96.0,62.2,70.1,24.5,133.0,11.2,1448.0,1.4000015,103.80002,Asia/Singapore,2026-09-19 06:00:00,Moderate,False,False,2026-09-19
Singapore,Singapore,99.0,64.0,71.9,27.4,141.0,12.7,1295.0,1.4000015,103.80002,Asia/Singapore,2026-09-19 07:00:00,Moderate,False,False,2026-09-19
Singapore,Singapore,105.0,63.3,71.0,28.5,145.0,13.4,1130.0,1.4000015,103.80002,Asia/Singapore,2026-09-19 08:00:00,Unhealthy for Sensitive Groups,True,False,2026-09-19
Singapore,Singapore,110.0,59.1,66.4,26.0,146.0,12.6,940.0,1.4000015,103.80002,Asia/Singapore,2026-09-19 09:00:00,Unhealthy for Sensitive Groups,True,False,2026-09-19
Singapore,Singapore,114.0,52.9,59.6,21.8,143.0,11.1,738.0,1.4000015,103.80002,Asia/Singapore,2026-09-19 10:00:00,Unhealthy for Sensitive Groups,True,False,2026-09-19
Singapore,Singapore,117.0,45.4,51.8,18.3,138.0,9.9,596.0,1.4000015,103.80002,Asia/Singapore,2026-09-19 11:00:00,Unhealthy for Sensitive Groups,True,False,2026-09-19
Singapore,Singapore,119.0,38.9,45.1,15.9,129.0,9.2,559.0,1.4000015,103.80002,Asia/Singapore,2026-09-19 12:00:00,Unhealthy for Sensitive Groups,True,False,2026-09-19
Singapore,Singapore,121.0,33.5,40.0,14.2,118.0,8.8,583.0,1.4000015,103.80002,Asia/Singapore,2026-09-19 13:00:00,Unhealthy for Sensitive Groups,True,False,2026-09-19
Singapore,Singapore,121.0,30.4,36.7,13.9,108.0,8.8,608.0,1.4000015,103.80002,Asia/Singapore,2026-09-19 14:00:00,Unhealthy for Sensitive Groups,True,False,2026-09-19
Singapore,Singapore,121.0,29.2,35.3,15.8,101.0,9.3,581.0,1.4000015,103.80002,Asia/Singapore,2026-09-19 15:00:00,Unhealthy for Sensitive Groups,True,False,2026-09-19
Singapore,Singapore,120.0,28.9,34.6,19.0,95.0,10.2,555.0,1.4000015,103.80002,Asia/Singapore,2026-09-19 16:00:00,Unhealthy for Sensitive Groups,True,False,2026-09-19
Singapore,Singapore,120.0,30.0,35.6,22.5,90.0,10.8,626.0,1.4000015,103.80002,Asia/Singapore,2026-09-19 17:00:00,Unhealthy for Sensitive Groups,True,False,2026-09-19
Singapore,Singapore,119.0,31.8,36.9,26.4,87.0,10.9,894.0,1.4000015,103.80002,Asia/Singapore,2026-09-19 18:00:00,Unhealthy for Sensitive Groups,True,False,2026-09-19
Singapore,Singapore,119.0,33.6,38.4,30.5,85.0,10.7,1259.0,1.4000015,103.80002,Asia/Singapore,2026-09-19 19:00:00,Unhealthy for Sensitive Groups,True,False,2026-09-19
Singapore,Singapore,119.0,34.6,39.3,32.5,84.0,10.4,1520.0,1.4000015,103.80002,Asia/Singapore,2026-09-19 20:00:00,Unhealthy for Sensitive Groups,True,False,2026-09-19
Singapore,Singapore,118.0,35.2,39.9,31.0,85.0,9.9,1576.0,1.4000015,103.80002,Asia/Singapore,2026-09-19 21:00:00,Unhealthy for Sensitive Groups,True,False,2026-09-19
Singapore,Singapore,118.0,34.5,39.2,27.3,87.0,9.2,1527.0,1.4000015,103.80002,Asia/Singapore,2026-09-19 22:00:00,Unhealthy for Sensitive Groups,True,False,2026-09-19
Singapore,Singapore,118.0,33.3,38.0,23.9,88.0,8.4,1471.0,1.4000015,103.80002,Asia/Singapore,2026-09-19 23:00:00,Unhealthy for Sensitive Groups,True,False,2026-09-19
Singapore,Singapore,117.0,31.4,35.9,21.3,87.0,7.5,1444.0,1.4000015,103.80002,Asia/Singapore,2026-09-20 00:00:00,Unhealthy for Sensitive Groups,True,False,2026-09-20
Singapore,Singapore,117.0,28.6,32.8,18.8,84.0,6.4,1409.0,1.4000015,103.80002,Asia/Singapore,2026-09-20 01:00:00,Unhealthy for Sensitive Groups,True,False,2026-09-20
Singapore,Singapore,115.0,24.9,29.0,16.9,81.0,5.6,1356.0,1.4000015,103.80002,Asia/Singapore,2026-09-20 02:00:00,Unhealthy for Sensitive Groups,True,False,2026-09-20
Singapore,Singapore,114.0,20.4,24.5,15.6,77.0,5.0,1269.0,1.4000015,103.80002,Asia/Singapore,2026-09-20 03:00:00,Unhealthy for Sensitive Groups,True,False,2026-09-20
Singapore,Singapore,111.0,16.2,20.1,14.8,73.0,4.6,1163.0,1.4000015,103.80002,Asia/Singapore,2026-09-20 04:00:00,Unhealthy for Sensitive Groups,True,False,2026-09-20
Singapore,Singapore,107.0,13.1,16.8,14.6,70.0,4.5,1071.0,1.4000015,103.80002,Asia/Singapore,2026-09-20 05:00:00,Unhealthy for Sensitive Groups,True,False,2026-09-20
Singapore,Singapore,102.0,12.2,15.7,15.4,69.0,4.9,1010.0,1.4000015,103.80002,Asia/Singapore,2026-09-20 06:00:00,Unhealthy for Sensitive Groups,True,False,2026-09-20
Singapore,Singapore,98.0,12.7,16.2,16.8,69.0,5.5,963.0,1.4000015,103.80002,Asia/Singapore,2026-09-20 07:00:00,Moderate,False,False,2026-09-20
Singapore,Singapore,94.0,15.0,18.4,17.5,71.0,6.1,905.0,1.4000015,103.80002,Asia/Singapore,2026-09-20 08:00:00,Moderate,False,False,2026-09-20
Singapore,Singapore,90.0,17.3,20.5,16.9,76.0,6.3,808.0,1.4000015,103.80002,Asia/Singapore,2026-09-20 09:00:00,Moderate,False,False,2026-09-20
Singapore,Singapore,87.0,19.0,22.2,15.6,82.0,6.4,701.0,1.4000015,103.80002,Asia/Singapore,2026-09-20 10:00:00,Moderate,False,False,2026-09-20
Singapore,Singapore,84.0,20.4,23.5,14.5,88.0,6.6,650.0,1.4000015,103.80002,Asia/Singapore,2026-09-20 11:00:00,Moderate,False,False,2026-09-20
Singapore,Singapore,82.0,22.2,26.1,13.7,92.0,6.9,699.0,1.4000015,103.80002,Asia/Singapore,2026-09-20 12:00:00,Moderate,False,False,2026-09-20
Singapore,Singapore,81.0,21.5,25.1,13.0,96.0,7.3,803.0,1.4000015,103.80002,Asia/Singapore,2026-09-20 13:00:00,Moderate,False,False,2026-09-20
Singapore,Singapore,80.0,21.1,25.0,12.9,96.0,7.5,900.0,1.4000015,103.80002,Asia/Singapore,2026-09-20 14:00:00,Moderate,False,False,2026-09-20
Singapore,Singapore,79.0,19.7,23.9,13.6,90.0,7.5,921.0,1.4000015,103.80002,Asia/Singapore,2026-09-20 15:00:00,Moderate,False,False,2026-09-20
Singapore,Singapore,78.0,18.1,22.5,15.0,81.0,7.3,934.0,1.4000015,103.80002,Asia/Singapore,2026-09-20 16:00:00,Moderate,False,False,2026-09-20
Singapore,Singapore,78.0,17.2,21.5,16.5,74.0,7.1,1077.0,1.4000015,103.80002,Asia/Singapore,2026-09-20 17:00:00,Moderate,False,False,2026-09-20
Singapore,Singapore,77.0,17.6,21.7,18.6,72.0,7.0,1520.0,1.4000015,103.80002,Asia/Singapore,2026-09-20 18:00:00,Moderate,False,False,2026-09-20
Singapore,Singapore,75.0,19.5,23.5,20.9,73.0,6.8,2092.0,1.4000015,103.80002,Asia/Singapore,2026-09-20 19:00:00,Moderate,False,False,2026-09-20
Singapore,Singapore,74.0,22.2,26.4,22.2,76.0,6.7,2421.0,1.4000015,103.80002,Asia/Singapore,2026-09-20 20:00:00,Moderate,False,False,2026-09-20
Singapore,Singapore,73.0,26.1,30.4,21.4,84.0,6.5,2263.0,1.4000015,103.80002,Asia/Singapore,2026-09-20 21:00:00,Moderate,False,False,2026-09-20
Singapore,Singapore,73.0,30.9,35.5,19.5,95.0,6.4,1862.0,1.4000015,103.80002,Asia/Singapore,2026-09-20 22:00:00,Moderate,False,False,2026-09-20
Singapore,Singapore,72.0,35.5,40.5,18.4,103.0,6.4,1578.0,1.4000015,103.80002,Asia/Singapore,2026-09-20 23:00:00,Moderate,False,False,2026-09-20
Singapore,Singapore,73.0,41.2,46.9,19.1,106.0,6.7,1609.0,1.4000015,103.80002,Asia/Singapore,2026-09-21 00:00:00,Moderate,False,False,2026-09-21
Singapore,Singapore,73.0,42.8,48.5,20.6,107.0,7.2,1757.0,1.4000015,103.80002,Asia/Singapore,2026-09-21 01:00:00,Moderate,False,False,2026-09-21
Singapore,Singapore,74.0,44.9,51.0,22.0,107.0,7.6,1784.0,1.4000015,103.80002,Asia/Singapore,2026-09-21 02:00:00,Moderate,False,False,2026-09-21
Singapore,Singapore,76.0,46.8,53.2,22.8,108.0,7.8,1543.0,1.4000015,103.80002,Asia/Singapore,2026-09-21 03:00:00,Moderate,False,False,2026-09-21
Singapore,Singapore,78.0,50.5,57.4,23.4,108.0,8.0,1180.0,1.4000015,103.80002,Asia/Singapore,2026-09-21 04:00:00,Moderate,False,False,2026-09-21
Singapore,Singapore,81.0,49.5,56.2,24.0,108.0,8.2,897.0,1.4000015,103.80002,Asia/Singapore,2026-09-21 05:00:00,Moderate,False,False,2026-09-21
Singapore,Singapore,84.0,49.5,56.3,25.2,107.0,8.6,793.0,1.4000015,103.80002,Asia/Singapore,2026-09-21 06:00:00,Moderate,False,False,2026-09-21
Singapore,Singapore,87.0,48.5,55.4,26.4,105.0,9.1,769.0,1.4000015,103.80002,Asia/Singapore,2026-09-21 07:00:00,Moderate,False,False,2026-09-21
Singapore,Singapore,89.0,46.7,53.2,26.5,103.0,9.6,722.0,1.4000015,103.80002,Asia/Singapore,2026-09-21 08:00:00,Moderate,False,False,2026-09-21
Singapore,Singapore,92.0,44.5,50.6,24.7,100.0,10.1,599.0,1.4000015,103.80002,Asia/Singapore,2026-09-21 09:00:00,Moderate,False,False,2026-09-21
Singapore,Singapore,94.0,39.9,46.1,21.8,98.0,10.4,454.0,1.4000015,103.80002,Asia/Singapore,2026-09-21 10:00:00,Moderate,False,False,2026-09-21
Singapore,Singapore,96.0,34.6,40.9,18.9,95.0,10.4,345.0,1.4000015,103.80002,Asia/Singapore,2026-09-21 11:00:00,Moderate,False,False,2026-09-21
Singapore,Singapore,97.0,29.3,35.9,16.0,93.0,9.5,298.0,1.4000015,103.80002,Asia/Singapore,2026-09-21 12:00:00,Moderate,False,False,2026-09-21
Singapore,Singapore,97.0,24.4,31.1,13.2,92.0,8.2,287.0,1.4000015,103.80002,Asia/Singapore,2026-09-21 13:00:00,Moderate,False,False,2026-09-21
Singapore,Singapore,98.0,22.1,28.6,11.7,90.0,7.3,296.0,1.4000015,103.80002,Asia/Singapore,2026-09-21 14:00:00,Moderate,False,False,2026-09-21
Singapore,Singapore,98.0,20.0,26.3,12.3,87.0,7.3,292.0,1.4000015,103.80002,Asia/Singapore,2026-09-21 15:00:00,Moderate,False,False,2026-09-21
Singapore,Singapore,98.0,20.0,25.8,14.3,84.0,7.8,309.0,1.4000015,103.80002,Asia/Singapore,2026-09-21 16:00:00,Moderate,False,False,2026-09-21
Singapore,Singapore,98.0,19.8,25.3,17.0,80.0,8.2,424.0,1.4000015,103.80002,Asia/Singapore,2026-09-21 17:00:00,Moderate,False,False,2026-09-21
Singapore,Singapore,98.0,19.9,25.0,21.1,74.0,8.4,757.0,1.4000015,103.80002,Asia/Singapore,2026-09-21 18:00:00,Moderate,False,False,2026-09-21
Singapore,Singapore,98.0,20.3,25.1,26.0,66.0,8.6,1190.0,1.4000015,103.80002,Asia/Singapore,2026-09-21 19:00:00,Moderate,False,False,2026-09-21
Singapore,Singapore,98.0,21.0,25.7,29.2,62.0,8.6,1445.0,1.4000015,103.80002,Asia/Singapore,2026-09-21 20:00:00,Moderate,False,False,2026-09-21
Singapore,Singapore,98.0,22.2,27.1,29.6,63.0,8.5,1355.0,1.4000015,103.80002,Asia/Singapore,2026-09-21 21:00:00,Moderate,False,False,2026-09-21
Singapore,Singapore,98.0,23.9,28.9,28.3,67.0,8.3,1088.0,1.4000015,103.80002,Asia/Singapore,2026-09-21 22:00:00,Moderate,False,False,2026-09-21
Singapore,Singapore,97.0,26.2,31.3,26.4,73.0,8.0,873.0,1.4000015,103.80002,Asia/Singapore,2026-09-21 23:00:00,Moderate,False,False,2026-09-21
Singapore,Singapore,97.0,29.6,34.9,23.8,82.0,7.4,805.0,1.4000015,103.80002,Asia/Singapore,2026-09-22 00:00:00,Moderate,False,False,2026-09-22
Singapore,Singapore,96.0,33.9,39.5,20.7,92.0,6.6,788.0,1.4000015,103.80002,Asia/Singapore,2026-09-22 01:00:00,Moderate,False,False,2026-09-22
Singapore,Singapore,95.0,38.6,44.6,18.6,101.0,6.2,768.0,1.4000015,103.80002,Asia/Singapore,2026-09-22 02:00:00,Moderate,False,False,2026-09-22
Singapore,Singapore,94.0,43.3,49.5,18.3,106.0,6.4,703.0,1.4000015,103.80002,Asia/Singapore,2026-09-22 03:00:00,Moderate,False,False,2026-09-22
Singapore,Singapore,94.0,47.4,53.8,19.0,109.0,6.9,634.0,1.4000015,103.80002,Asia/Singapore,2026-09-22 04:00:00,Moderate,False,False,2026-09-22
Singapore,Singapore,94.0,51.1,57.9,20.5,112.0,7.6,626.0,1.4000015,103.80002,Asia/Singapore,2026-09-22 05:00:00,Moderate,False,False,2026-09-22
Singapore,Singapore,94.0,54.6,61.5,23.5,114.0,8.7,751.0,1.4000015,103.80002,Asia/Singapore,2026-09-22 06:00:00,Moderate,False,False,2026-09-22
Singapore,Singapore,94.0,58.2,65.2,27.3,115.0,10.1,937.0,1.4000015,103.80002,Asia/Singapore,2026-09-22 07:00:00,Moderate,False,False,2026-09-22
Singapore,Singapore,95.0,61.9,68.9,29.5,118.0,11.1,1072.5,1.4000015,103.80002,Asia/Singapore,2026-09-22 08:00:00,Moderate,False,False,2026-09-22
Singapore,Singapore,96.0,64.3,71.0,28.8,125.0,11.6,1155.5,1.4000015,103.80002,Asia/Singapore,2026-09-22 09:00:00,Moderate,False,False,2026-09-22
Singapore,Singapore,98.0,63.6,70.1,26.4,134.0,11.8,1218.8,1.4000015,103.80002,Asia/Singapore,2026-09-22 10:00:00,Moderate,False,False,2026-09-22
Singapore,Singapore,100.0,58.8,65.4,23.9,138.0,11.7,1226.0,1.4000015,103.80002,Asia/Singapore,2026-09-22 11:00:00,Moderate,False,False,2026-09-22
Singapore,Singapore,102.0,51.0,57.3,21.0,134.0,11.1,1043.0,1.4000015,103.80002,Asia/Singapore,2026-09-22 12:00:00,Unhealthy for Sensitive Groups,True,False,2026-09-22
Singapore,Singapore,105.0,42.5,48.7,17.9,125.0,10.2,783.0,1.4000015,103.80002,Asia/Singapore,2026-09-22 13:00:00,Unhealthy for Sensitive Groups,True,False,2026-09-22
Singapore,Singapore,106.0,34.0,39.6,16.5,115.0,9.6,575.0,1.4000015,103.80002,Asia/Singapore,2026-09-22 14:00:00,Unhealthy for Sensitive Groups,True,False,2026-09-22
Singapore,Singapore,108.0,27.6,32.7,18.0,103.0,9.7,470.0,1.4000015,103.80002,Asia/Singapore,2026-09-22 15:00:00,Unhealthy for Sensitive Groups,True,False,2026-09-22
Singapore,Singapore,109.0,23.1,27.4,21.1,90.0,10.1,415.0,1.4000015,103.80002,Asia/Singapore,2026-09-22 16:00:00,Unhealthy for Sensitive Groups,True,False,2026-09-22
Singapore,Singapore,109.0,20.8,24.6,24.0,78.0,10.2,385.0,1.4000015,103.80002,Asia/Singapore,2026-09-22 17:00:00,Unhealthy for Sensitive Groups,True,False,2026-09-22
Singapore,Singapore,109.0,19.7,23.1,26.5,69.0,9.8,381.0,1.4000015,103.80002,Asia/Singapore,2026-09-22 18:00:00,Unhealthy for Sensitive Groups,True,False,2026-09-22
Singapore,Singapore,109.0,19.0,22.2,28.8,62.0,9.3,401.0,1.4000015,103.80002,Asia/Singapore,2026-09-22 19:00:00,Unhealthy for Sensitive Groups,True,False,2026-09-22
Singapore,Singapore,109.0,18.0,21.2,29.9,58.0,8.7,409.0,1.4000015,103.80002,Asia/Singapore,2026-09-22 20:00:00,Unhealthy for Sensitive Groups,True,False,2026-09-22
Singapore,Singapore,108.0,17.7,21.1,28.8,57.0,8.2,386.0,1.4000015,103.80002,Asia/Singapore,2026-09-22 21:00:00,Unhealthy for Sensitive Groups,True,False,2026-09-22
Singapore,Singapore,108.0,17.5,21.1,26.3,59.0,7.7,352.0,1.4000015,103.80002,Asia/Singapore,2026-09-22 22:00:00,Unhealthy for Sensitive Groups,True,False,2026-09-22
Singapore,Singapore,107.0,17.8,21.6,24.5,60.0,7.4,331.0,1.4000015,103.80002,Asia/Singapore,2026-09-22 23:00:00,Unhealthy for Sensitive Groups,True,False,2026-09-22
